-- MySQL dump 10.13  Distrib 5.7.17, for Win64 (x86_64)
--
-- Host: 127.0.0.1    Database: rental3
-- ------------------------------------------------------
-- Server version	5.7.20-log

/*!40101 SET @OLD_CHARACTER_SET_CLIENT=@@CHARACTER_SET_CLIENT */;
/*!40101 SET @OLD_CHARACTER_SET_RESULTS=@@CHARACTER_SET_RESULTS */;
/*!40101 SET @OLD_COLLATION_CONNECTION=@@COLLATION_CONNECTION */;
/*!40101 SET NAMES utf8 */;
/*!40103 SET @OLD_TIME_ZONE=@@TIME_ZONE */;
/*!40103 SET TIME_ZONE='+00:00' */;
/*!40014 SET @OLD_UNIQUE_CHECKS=@@UNIQUE_CHECKS, UNIQUE_CHECKS=0 */;
/*!40014 SET @OLD_FOREIGN_KEY_CHECKS=@@FOREIGN_KEY_CHECKS, FOREIGN_KEY_CHECKS=0 */;
/*!40101 SET @OLD_SQL_MODE=@@SQL_MODE, SQL_MODE='NO_AUTO_VALUE_ON_ZERO' */;
/*!40111 SET @OLD_SQL_NOTES=@@SQL_NOTES, SQL_NOTES=0 */;

--
-- Table structure for table `account`
--

DROP TABLE IF EXISTS `account`;
/*!40101 SET @saved_cs_client     = @@character_set_client */;
/*!40101 SET character_set_client = utf8 */;
CREATE TABLE `account` (
  `username` varchar(45) NOT NULL,
  `password` varchar(45) NOT NULL,
  `fName` varchar(45) NOT NULL,
  `lName` varchar(45) NOT NULL,
  `contactNum` varchar(45) NOT NULL,
  `email` varchar(45) NOT NULL,
  `typeAccount` enum('sp','admin','customer') NOT NULL,
  `address` varchar(100) NOT NULL,
  PRIMARY KEY (`username`),
  UNIQUE KEY `username_UNIQUE` (`username`)
) ENGINE=InnoDB DEFAULT CHARSET=latin1;
/*!40101 SET character_set_client = @saved_cs_client */;

--
-- Dumping data for table `account`
--

LOCK TABLES `account` WRITE;
/*!40000 ALTER TABLE `account` DISABLE KEYS */;
INSERT INTO `account` VALUES ('0976','0976','Anna','Vida','0976919191','kimlopez1999@gmail.com','sp','0976'),('09767','55','Chris','Grey','0976101001','kimlopez1999@gmail.com','sp','0976'),('1234','asdf','Anne','Hot','0178399779','asdf@mail','sp','asdf'),('5678','5678','Harold','Ellie','0379934299','kimlopez1999@gmail.com','customer','5678'),('admin','1234','ADMIN','ADMIN','0187393968','admin@mail.com','admin','Naguilian'),('c1','c1','Luigi','Gean','0186839628','c1@mail','customer','c1'),('c2','c2','Melo','Toni','0281991616','c2@mail','customer','c2'),('c3','c3','Ariel','Down','0711996388','c3@mail','customer','c3'),('customer1','customer','Cardo','Dalisay','0813281781','jackson@mail','customer','asddfdsf'),('locoso','locoso','Alyana','Dalisay','0783715171','locoso@mail','sp','locoso@mail'),('Lorie','ferrer','Lorelie','Ferrer','0178383997','lore@mail.com','sp','83 Bakakeng'),('loveshgjhg','loves','T rex','Lopez','0929018379','rex@mail.com','sp','84 Disney, Baguio City'),('S01','S01','Darlene','Gonzales','0921462534','gonzales@gmail.com','sp','Zambales'),('S02','S02','Jc','Adriano','0999994346','jcadriano@gmail.com','sp','Tarlac'),('s1','s1','Jhen ','Sison','0183930399','jhen@mail.com','sp','Tarlac'),('s2','s2','Mary ','Licudo','0976837628','mary@mail.com','sp','Baguio'),('s2a','s2a','Dom','Nimes','0952857289','dom@mail.com','sp','83 Disney World, Bakakeng'),('s3','s3','Rex','Dy','0964638462','rexx@mail.com','sp','23 Marvel St. Baguio City'),('serviceProvider','service','Harry','Potter','0957364858','hp@mail.com','sp','67 Hogwarts St. Baguo City');
/*!40000 ALTER TABLE `account` ENABLE KEYS */;
UNLOCK TABLES;

--
-- Table structure for table `admin`
--

DROP TABLE IF EXISTS `admin`;
/*!40101 SET @saved_cs_client     = @@character_set_client */;
/*!40101 SET character_set_client = utf8 */;
CREATE TABLE `admin` (
  `adminID` varchar(45) NOT NULL,
  PRIMARY KEY (`adminID`),
  UNIQUE KEY `adminID_UNIQUE` (`adminID`),
  CONSTRAINT `asdfgfagqe` FOREIGN KEY (`adminID`) REFERENCES `account` (`username`) ON DELETE NO ACTION ON UPDATE CASCADE
) ENGINE=InnoDB DEFAULT CHARSET=latin1;
/*!40101 SET character_set_client = @saved_cs_client */;

--
-- Dumping data for table `admin`
--

LOCK TABLES `admin` WRITE;
/*!40000 ALTER TABLE `admin` DISABLE KEYS */;
INSERT INTO `admin` VALUES ('admin');
/*!40000 ALTER TABLE `admin` ENABLE KEYS */;
UNLOCK TABLES;

--
-- Table structure for table `customer`
--

DROP TABLE IF EXISTS `customer`;
/*!40101 SET @saved_cs_client     = @@character_set_client */;
/*!40101 SET character_set_client = utf8 */;
CREATE TABLE `customer` (
  `customerID` varchar(45) NOT NULL,
  `status` enum('pending','accepted','blocked') NOT NULL,
  PRIMARY KEY (`customerID`),
  CONSTRAINT `dfdf` FOREIGN KEY (`customerID`) REFERENCES `account` (`username`) ON DELETE NO ACTION ON UPDATE CASCADE
) ENGINE=InnoDB DEFAULT CHARSET=latin1;
/*!40101 SET character_set_client = @saved_cs_client */;

--
-- Dumping data for table `customer`
--

LOCK TABLES `customer` WRITE;
/*!40000 ALTER TABLE `customer` DISABLE KEYS */;
INSERT INTO `customer` VALUES ('5678','pending'),('c1','blocked'),('c2','accepted'),('c3','accepted'),('customer1','accepted');
/*!40000 ALTER TABLE `customer` ENABLE KEYS */;
UNLOCK TABLES;

--
-- Table structure for table `customer_service`
--

DROP TABLE IF EXISTS `customer_service`;
/*!40101 SET @saved_cs_client     = @@character_set_client */;
/*!40101 SET character_set_client = utf8 */;
CREATE TABLE `customer_service` (
  `rentID` int(20) NOT NULL AUTO_INCREMENT,
  `customerID` varchar(45) NOT NULL,
  `serviceID` int(20) NOT NULL,
  `requested` datetime NOT NULL,
  `dispatch` datetime DEFAULT NULL,
  `returned` datetime DEFAULT NULL,
  `noOfDays` int(10) NOT NULL,
  `status` enum('pending','success','denied','accepted','dispatched') NOT NULL DEFAULT 'pending',
  PRIMARY KEY (`rentID`),
  KEY `sdfdsf_idx` (`customerID`),
  KEY `asdfadsgwerwer_idx` (`serviceID`),
  CONSTRAINT `asdfadsgwerwer` FOREIGN KEY (`serviceID`) REFERENCES `service` (`serviceID`) ON DELETE NO ACTION ON UPDATE NO ACTION,
  CONSTRAINT `sdfdsf` FOREIGN KEY (`customerID`) REFERENCES `customer` (`customerID`) ON DELETE NO ACTION ON UPDATE NO ACTION
) ENGINE=InnoDB AUTO_INCREMENT=9 DEFAULT CHARSET=latin1;
/*!40101 SET character_set_client = @saved_cs_client */;

--
-- Dumping data for table `customer_service`
--

LOCK TABLES `customer_service` WRITE;
/*!40000 ALTER TABLE `customer_service` DISABLE KEYS */;
INSERT INTO `customer_service` VALUES (4,'c2',3,'2018-05-20 12:00:00','2018-05-14 09:48:12','2018-05-14 09:48:12',3,'success'),(5,'c3',1,'2018-05-20 12:00:00','2018-05-20 12:00:00','2018-05-20 12:00:00',4,'success'),(6,'c2',3,'2018-05-20 12:00:00','2018-05-20 12:00:00','2018-05-20 12:00:00',5,'success'),(7,'c3',3,'2018-05-20 12:00:00','2018-05-20 12:00:00','2018-05-20 12:00:00',4,'success');
/*!40000 ALTER TABLE `customer_service` ENABLE KEYS */;
UNLOCK TABLES;

--
-- Table structure for table `payment`
--

DROP TABLE IF EXISTS `payment`;
/*!40101 SET @saved_cs_client     = @@character_set_client */;
/*!40101 SET character_set_client = utf8 */;
CREATE TABLE `payment` (
  `paymentID` int(10) NOT NULL AUTO_INCREMENT,
  `advance` decimal(20,0) NOT NULL DEFAULT '0',
  `balance` decimal(20,0) NOT NULL DEFAULT '0',
  `totalAmount` decimal(20,0) NOT NULL DEFAULT '0',
  `advanceDate` datetime DEFAULT NULL,
  `fullPaymentDate` datetime DEFAULT NULL,
  `billStatus` enum('paid','pending') NOT NULL,
  `rentID` int(20) NOT NULL,
  `adminStatus` enum('yes','no') DEFAULT 'no',
  PRIMARY KEY (`paymentID`),
  UNIQUE KEY `paymentID_UNIQUE` (`paymentID`),
  KEY `sdfsfsaf_idx` (`rentID`),
  CONSTRAINT `sdfsfsaf` FOREIGN KEY (`rentID`) REFERENCES `customer_service` (`rentID`) ON DELETE NO ACTION ON UPDATE NO ACTION
) ENGINE=InnoDB AUTO_INCREMENT=5 DEFAULT CHARSET=latin1;
/*!40101 SET character_set_client = @saved_cs_client */;

--
-- Dumping data for table `payment`
--

LOCK TABLES `payment` WRITE;
/*!40000 ALTER TABLE `payment` DISABLE KEYS */;
INSERT INTO `payment` VALUES (1,0,0,1000,NULL,'2018-12-10 12:32:00','paid',4,'no'),(2,0,0,400,NULL,'2018-05-20 12:00:00','paid',5,'no'),(3,0,0,300,NULL,'2018-05-20 12:00:00','paid',6,'no'),(4,0,0,1300,NULL,'2018-05-20 12:00:00','paid',7,'no');
/*!40000 ALTER TABLE `payment` ENABLE KEYS */;
UNLOCK TABLES;

--
-- Table structure for table `report`
--

DROP TABLE IF EXISTS `report`;
/*!40101 SET @saved_cs_client     = @@character_set_client */;
/*!40101 SET character_set_client = utf8 */;
CREATE TABLE `report` (
  `reportID` int(10) NOT NULL AUTO_INCREMENT,
  `description` varchar(45) NOT NULL,
  `customerID` varchar(45) NOT NULL,
  `spID` varchar(45) NOT NULL,
  `reporter` enum('sp','customer') NOT NULL,
  `date` datetime DEFAULT NULL,
  PRIMARY KEY (`reportID`),
  UNIQUE KEY `reportID_UNIQUE` (`reportID`),
  KEY `iiewr9_idx` (`customerID`),
  KEY `adsf23r_idx` (`spID`),
  CONSTRAINT `adsf23r` FOREIGN KEY (`spID`) REFERENCES `sp` (`spID`) ON DELETE NO ACTION ON UPDATE NO ACTION,
  CONSTRAINT `iiewr9` FOREIGN KEY (`customerID`) REFERENCES `customer` (`customerID`) ON DELETE NO ACTION ON UPDATE NO ACTION
) ENGINE=InnoDB AUTO_INCREMENT=5 DEFAULT CHARSET=latin1;
/*!40101 SET character_set_client = @saved_cs_client */;

--
-- Dumping data for table `report`
--

LOCK TABLES `report` WRITE;
/*!40000 ALTER TABLE `report` DISABLE KEYS */;
INSERT INTO `report` VALUES (1,'did not pay','customer1','Lorie','sp','2018-02-02 00:00:00'),(2,'afadsf','c1','s1','sp','2018-02-03 00:00:00'),(3,'asddfadsf','c2','s2','customer','2018-02-04 00:00:00'),(4,'asdff','c3','s1','customer','2018-01-01 00:00:00');
/*!40000 ALTER TABLE `report` ENABLE KEYS */;
UNLOCK TABLES;

--
-- Table structure for table `service`
--

DROP TABLE IF EXISTS `service`;
/*!40101 SET @saved_cs_client     = @@character_set_client */;
/*!40101 SET character_set_client = utf8 */;
CREATE TABLE `service` (
  `serviceID` int(20) NOT NULL AUTO_INCREMENT,
  `serviceName` varchar(45) NOT NULL,
  `price` decimal(20,0) NOT NULL,
  `image` blob,
  `description` varchar(45) NOT NULL,
  `category` enum('attire','costume') NOT NULL,
  `spID` varchar(45) NOT NULL,
  `gender` varchar(45) NOT NULL,
  `age` enum('children','teen','adult','senior') NOT NULL,
  `occasion` varchar(45) NOT NULL,
  PRIMARY KEY (`serviceID`),
  KEY `erueiojf_idx` (`spID`),
  CONSTRAINT `dflksjlf` FOREIGN KEY (`spID`) REFERENCES `sp` (`spID`) ON DELETE NO ACTION ON UPDATE NO ACTION
) ENGINE=InnoDB AUTO_INCREMENT=12 DEFAULT CHARSET=latin1;
/*!40101 SET character_set_client = @saved_cs_client */;

--
-- Dumping data for table `service`
--

LOCK TABLES `service` WRITE;
/*!40000 ALTER TABLE `service` DISABLE KEYS */;
INSERT INTO `service` VALUES (1,'Gown Rental',2011,NULL,'Gown ','attire','1234','female','children','Birthday'),(2,'Costume Rental',2300,'PNG\r\n\Z\n\0\0\0\rIHDR\0\0\0\0\0\\0\0\0s\0\0\0	pHYs\0\0\0\0\\~\0\0\nOiCCPPhotoshop ICC profile\0\0xڝSgTS\=\BKKoR RB&*!	J!\QEEȠQ,\n\\!\\{kּ\\\>\\H3Q5B\\\\\\.@\n$p\0d!s#\0~<<+\"\0x\\0M0\B\\t8K\0@zB\0@F&S\0\0`\cb\\0P-\0`\'\\\0{\0[!\0 eD\0h;\0\VE\0X0\0fK\9\0\-\00IWfH\0\0\\0\00Q)\0{\0`\##x\0\0FW<+\*\0\0x<$9E[-qWW.(\I+6aa@.\y24\\\0\0\x\\\6_-\\"bb\\ϫp@\0\0\t~\,/\Z;m%\h^uf@\0\\Wp~<<E\\\\\\J\B[a\W}g\_Wl~<\\$2]G\\\Lϒ	b\\G\\"\IbX*\QqD2\"B)\%\d\\,>\5\0j>{-]cK\'Xt\\0\0o\(h\\w\?G%\0fIq\0\0^D$.Tʳ?\\0\0D*A,\`6B$\\BB\ndr`)B(Ͱ*`/\@4Qhp.\U=pa(	A\a!ڈbX#!H$ ɈQ\"K5H1RT UH=r9\\F;\\02G1Q=\C7\ZF\dt1\r\Z=6\Ыhڏ>C\0\3\l0.\\B8,	c˱\"\\ZVcϱwE	6wB aAHXLXN\H $4\	7	Q\\'\"K&\b21XH,#\/{C\7$C2\'IT\\F\nR#\,4H\Z#\\dk9, +ȅ\\\\3\\![\nb@qS\(R\jJ\\4\e2AURݨT5ZBRQ4u9̓IK\\Zhhi\tݕN\W\\\G\\w\rǈg(gwLӋ\T071\\oUX**|\\nJ&*/TުUU\T^S}FU3S\	ԖUP\SSg;goT?~YY\L\OCQ_\\ cx,!k\ru5\&\\|v*=9C3J3WRf?\qtN	\(~\\)\)4L1e\\kXHQG\6EYA\J\'\\\'Gg\\S\Sݧ\nM=:.kDwn^Lo\y\}/TmGX$\\<\5qo</\\QC]\@Caaᄑ\<\FFi\\\\$\m\mƣ&&!&KM\M\RM);L;L\\\͢\֙5=1\2\\כ߷`ZxZ,eI\ZYnZ9YXUZ]F%ֻNN\gðɶ\\ۮm}agbgŮ\}}=\r\Z~sr:V:ޚΜ\?}\\/gX\\\3\\)\iS\Gggs󈋉K\.>.\\Ƚ\Jtq]\z\\\ۯ\6\i\ܟ\4)Y3s\\\C\Q\\?0k߬~OCOg\#/c/Wװwa\>>r\>\<7\2\Y_\7ȷ\O\o_\C#dz\\0%gA[z|!?:\e\\AAA\!h\쐭!\Α\iP~\\\a\a\~\'W?pX\Z\15w\\Cs\DDDޛg1O9-J5*>.j<\74?\.fY\\XXIlK9.*6nl\\\\\{/\]py\\.,:@LN8A*%w%\ny\\g\"/\6ш\C\\*NH*Mz쑼5y$\3,幄\'L\rLݛ:v m2=:1qB!Mg\g\fvˬe\n/\kY-\nB\TZ(\*geWf͉\9+\\̳\ې7\\\ᒶKW-X潬j9<qy\\n\+V<*m\O\W~&zMk^ʂk\U\n\}\\\\]OX/Yߵa>\\(\x\oʿܔĹd\f\f\\\-[\n\r\ڴ\r\V\E\/\(ۻC<e\\\;?TTTT6\\ݵa\n\\{4\\\[>ɾ\UUM\f\eI?\m]Nmq\\\#׹\\\=TR\+\G\\w-\r6\rU\\#pDy\\	\\r:\v{\\vg/jBFS[b[O\>\\\\zG\4<YyJT\i\\ӓgό}~.\`ۢ{\c\\jo\t\\E\;;\\\t\\WW:_m\t\<\Oǻ\\k\z{f\7\\y\՞9=ݽzo\\\~r\'\˻\w\'O_@\A\C݇\?[\\\\jw\\G\Cˆ\r\8>99\?r\C\d\&ˮ/~\\\\јѡ򗓿m|\\\\\\\x31^V\w\w\\O\| (hSЧc3-\\0\0\0 cHRM\0\0z%\0\0\0\0\0\0\\0\0u0\0\0\`\0\0:\0\0o_\F\0\0%mIDATx\\h\e	!҄RgKiJ)EJiJ)EtHΤ\\DD\\'RD.\"FDrK19\ֶV\G\YDDD.AD.\"\\\"\"KYJ)\",e\|\&\yL&3\\\\M\dί\\9gp\	EF HD  HD  HҊ	di\W	\* {HuD \[di\`P	^	,lB  mH\0~S6M	MJJ\0ل@@ڐ ٩\Rjʄ\'\&\\\58\l{\&\Ɯ\ZQjJ#[v	\Ff:L^	p\ʄ\di\)%gʄ~\riAE\nم@@\x x!\(Eei\@@\`ބЁ\A\\$Hk$U	!\(+\6\ƁpYW)AM	xlC  mlWr>\+\dic@\0ϕEϔ\4M	d\r=Jt)\'\?\0J@\0G	x\t_q\r@\' #7 `\J)o+ג\&\\ߔה]d_T0[YH!ʄʄJ@o/:l\HRr*_*\H\~Ye12vX	x^	\0\P&l!\HR(?%\\\\f?``#DS\(@@\Q@J	W\.w\e\N!f!D/\\`\fzlK  \}\>%\U%\O\(Ag<7H#\[Jq:L  \\˞|fakp;\F%\\n	\\Z	R^\\D\0\(\\Ȧ\\+@|l\ H\\r+l\H\0Q.<\J\JЮ\0\{K׏\~T\\"\\r\ٚM\H@@F\A_M\.ҎpO\aRJmŢplJ\"#\\ \r=%\ߩC\p\\#@\"*ީ3%\\0ǏϗdO7!0|]	FO\1,`ٔD \Ml--\0<\:.ǿH\&ty\\lJ\"|nНx\\JMI\dac Tĩ胧$A\\0V2tO\r\	\n|X%\m)ЛӃշ\0V%\,M]uDOn1&z\=+sܓ#^o0=poI\5 zu2\{1	\m\0E%\\rE^R\l\0\\\۳:\`\\wCdW7G\\\g>;xi)dSwa_	0A	\\ꏝn\D6%z\=2plj3s\\\"\I  \#)\]\\ I)2\|\/%`ٓ@@\};\LءL(9\<ۋ	\dp\p\\nxn^\n\(g\~\\4M0\$:H\nJ\0HH\ne.g+Zv(b\\0.73.un\rPH\25>-#uZe\	;׀½\\PMx3htn\3\\:\1n}HmvAf\}Kq\-\\M\\ǌˋ\ӌ\ȫ\w2\)\2\VFL1.g\\^f\\a\\¸\2.\E\eqYf\\\`\\\:%\"\[G\y\\隷`6ǰC	J	8\\v	i+Ÿ5\+\+\N\\\eq\\.#Ha0\\\4\?\G[\ȸ\}!b[;Y	x\6;wM3d?\u8̐5\嗌\W౑\\aƥd\\>q	\\O+\\z\03\\0\r;\\r\0&\M:_2cL5\\3T\\\I\\>\0,\\r X\㲏q9\NK\:\\\>qá׌˗ۙ-_|\Sl\D\"\R8X\\\$G̸qέ38ޢs	;oέ	n3.qor3\\fH`\\\\r?\\Sl\:ɸ\Z\-fXp/wZbO\փ|\n\t;ܞF<r\\r\\0\\\wV\\@V\rVA\:\t\έ:\3ú\\3dI7\Cƥ\\\Uqy)?b\u\\\\\[M\C@\@@  \\f\\'\1CN3C\?0.c\\u.\1n\wW᭲۱G[ގ?\Q\C\\}\\:\\T\7\]q+s\\r[\\]\\\=E=\\@_\Zs45 :\\\\47\	)xq\43s\8\>\̐/0.O\\\>˸<Ƹ<sk/\r;R\\0\姺;\ptws\@@\X#c8*\N\N6H\\'\\\A̰v0n}\\-ø<FuI  :M0\\So\Po@@+Ҏ\C\\\TRk݌\\K\w\\*\\R\'\m-\Sí\[\=\n\ŷЇ\Dٴ\\\\\\if\O\xsz\\\\\\V\ˣ\\jf\\\c\+\\m>`\\Ÿ<sy\~w\'‎\E\\=\duY\]xֹ	\˳QO3.t\\KC\r\%\\~<\k{:f=\|\\C\\e)?\DTq9ϸ\\\0\0;\\\c\\\!߰}\rq;:*ݑe\:n3.a\\e\\>\$\\	\n\\"\\\a\\BS\u\}\_\\\\Nmxܔ\r\0VJ\N3.2.!haRwO\"\\3:\7@@\\haqk\'\\Q\\̐\!w\\i\EK5͸|\r\}O\\b\ƹED  HD \\Sx\YF\z`E\\Pb\\\\\\0\\O  %u$o2^Z/=\\TdsbL2;\dĸ_+ҿ`\\a;8\=\\.h	o2C|\\\\n\$\.A\\\\\I\'6C\'ՎBz\NG||M\\t@@Jʩ>\]r\\tt\j\6\\;\\\{\\u\J<t\'\^\"\\\\\{aYKgJ˟1._\\\Aѿ7)Zc\rM\\\\[_f\\~\o\\0㿿\Q\G˷\1>$3\]݅\9@@bo\#\\\\"\=<?\\'ޢ6?Mnm\b\\\f\r\ʸ\\!P\	\a\!ƥ\WVs\rnܽ\C\:}\@@p\\\\G\\\J.\CN\\\\"\n\iE\B\=t\|:\h\\t\4Ao\5@m@\\[޽5\\ȸ<Ht.w\\:o\ې\\8ݤ?#!)hZp炮\Z+ό\Oq*<^rr\~h~\?\a|3\\Tqc|zn\sGش<oiƥw9ũ\,\mj<͸\5^h\\[\\\36ި]3%0>W\#\\_\\~\CG߸\,0>\'1\sѝM\\\\o\\\\ѹuAw\\7un}ە_\`zЭy\\\te>ŸܫG3l\J1.\n~n1.R \(aZn\NaǕ6߲\5hȵ׏5u7\'ƹ\\nR~BX\\a\\\\0\rsƴ<\;^\Eݠi\h}w0>[\\\\\(_0C~o\}NC`gZ|\wf,9ɟ1o3.\\{a\R@\\m:u\;\\q	1\o3.a|Z\\q\\0\3\!\a\!\:1C\\\rK\0wa`\h~\?\j\\\f\gݽpu\\\a\ tg̘K1wc;\9H\\\s\8Ҹ¸<JH`%e?d|\n\7/\Wi\0\\\\'un\q݈\\̰qƹ\%0\ڮs]v\"d\\\2\qƭ\!OcG\)3d= \᛾\@\CnWw@\\\03\VFR\\.V?v\xI\Mr\\\&~O8D\\'Ϻ¯v\n[f\#|\E\Qw(^Ɲ}{x\0	uݎR[\f?¸<s\yƭ3̐3nK\'xQ\"Hn\\7Yu>wV7\8/G=\hn\R\\mb\\\\\ӹշ\c\\RtD  HD  HD Xg);9m\3\1\LmHy,\plC\"l,J\QY	8F!6l3f@@\"l\AD D  (\HA59ҧDzX	خ̑\0P6)qF@#}J\\ʄ\ng\'$$AA\5Pm\l\'e_*Q~Qn\\+7J\:qە`xt2B)-\Ka޶<2arwA	/?cJ3J\0}@@\noDQ>T\|#zZTR&\[N+\<KaJJqw\c$\\\J\'ʄ;J@M͆毂+HQ\3ع&T÷_\\7}\ݳ\n\\5_;\x9\dޖ\@mDz>T~W敀~M\3ʄl\\\%V\\ʄ\\0\-\\!y\	}cZ%%\m\J9%\5e\e|n.*oP; \",*\^UN\6\uL\SJ\w\Y/P&\Fx:\i\tb\\amu7\\&\eA]5ڮ\00wDO	\\Ce\p84jJ\zizQtJ	fa\NjAg\rp\޷V\+k1\T<p\+\\ߋj\J^\$mz*\`o(\vh\s7X=D/#\\?)\rf\V@`\~jR0[\t_\L݅\@(o|\Dzj\<aNKJ	}\s\Sk@ AS%`\:\rUrJ\\nz\[Rʄ\\\?\{n+vT\s/g@	؅gO&y\߯R\5\Ll+\\@-?޷6\:	}y;nk3,O#\n͟I  s(2a\0\\\TpUp;a\\3\{\'%F=y\\\\GEEo\{w_	pʴF@  5\Yo#\\pH	8`JQ@<\\\\;g\ʄ>%\uZx2\\WYZ,$B\<~ʄm&\\_w(ꮁ\\S8\v|\%\@\\~9[?YP\\@F\\Bo\%谎Dڱ\A}ez\\oۛy/e\Pܲg\ò \r=m}\i\\Gj@\uV7\ \\\iб^@@  \qs2l.\6\\	\0\\(y\7\"xDeߢ\}[Sk!N\U\9@@j~DF~J@𑯣\؉\ẁ`o5۾\jp\I\l\]2	՝\5D\\o\\5%\e0\0/o@é\c3:$\"i: |NOJ7\\"C	xI	(/!?\v\W\\ל㇚{8\s\\-\\gA\\;jݠ\C\\<Uש\F5\V#$|{z;\\L\=s\wH#=P\"}ўM_!\nI\ۡ/+\x\H\\nći\\5N=fz˪\6\m\YK\R􀚅Ӹ\|\! \\i\J\20\NMFjoHSfO	x͓\\2`:-|AgK)m>E9\\H4lN\&xv\"ڳpT	8f8\\`[\y{9\ȑ(\Y>tBzM	x\\&ޚ-Pn)1	\ZG\\30H)H\7I-\\@@\n\j}m!\MuN9Jg.$\H`7^Zm\\\n:\O\"/|\[Y)_3JӜD \ ۅ\\mV\"}lC\"lQ){V	ivS\\2ڌGS\\r\?X-\n\կ\/\d@\&	\r7<[k75\'8{\k\˖j,mfi35KsbPfi5\%.3=^|@\>\0dc@= LQg#ԆjR+Ԥ\DTޣf\\\ %\2=^|P\ Jm*BUjNJU\Rh\hUjU\C\qRNL\[\\\6	Ue\:nUF_1Jm\'M:V\4\'@>U\R@\M\Y\B\˖(ۆASa԰hT@  $7R\4Pm\\\\n\%4+z\ApC\o\\N\O\`@@  LbARAp]s2kc\\Zz]^׿\]\X\"\Z\\<\Wg\*G6\ZP\!\\uU\ʖ\RZ7A)8D\m\3\\Z+7%|&a\ZL^\r\n\Wl!۰S.$\NuTTkXx푫^\/i\kdYiC\k\TV\oךk\\r\)TzM\Ti\Oz\d#<?Ԣ͊q(\2=RWcX~\\ L\"\e\ԦJ\kZza\@.Ȅ4\v\Z\D X\1Je|NDif\kHH]\;~S@\w(ݙN`4B£]Lj!d\\0y,мX`\#\0~\"n$\n\B\\7;Ro4WB\h\Gի\PɗSWl\\J^\2ի\D9ի\zBx-\/g\\H]囬VUXΰիڤMQ\\\Z Ȇ\P\Z}\r\\j7Rj;\Zj!Π\Pm\\\^^\relv\bV+,f5\'D벏\FCQX\6\\Z) \|@\0۔-.f6g1 \\\\B]ę3l\\J\Jm7\F\Stu<\rE\"\9#WW]AGl\&\h{\$IBm3\N7\B̅V\B\)m.\A[XA\8\\&9!*,s0I{*\\Ϸ\rI#\D\\V\	\C\* |\\q\a>;0\Ɉ0\21\?3\\SKM\Ul\\\UBA0Ë p\\\\4\'D\\AH\	?ߥ<\rEX\\l\$\U@\\\jv\\\,\d\@\\nQh@04`\Zt&#\1\Z\mĺ\\"JA\'n1ad0\C \\'\v\*!\A\{q\	\qX|_\,\ל\\tF\\t#O\DH:q\\O\m$\U@\\vlCz\ZX\\\B\\V\_\'\7BŀcV\[ `H0N4\yb6xE\-^ќ\\L\'(\LqO\]\F|\\C\\Z;\Z\	\\'Zm>\?fz\ZM6xEO\6b+\0[G̄56nAPe t\;L<0( I XeC\M\02!ie[T/J\0h0(\\v\qXxO[xO+-9ʵoP|:ov\bZpp}\* \|@\ph\=R\,\3<0qEhXXg5X\' \\ARlĺJ<0\\{\L\'\!GDLu!oɥ\n\\(% V\x~@W]%t \=\qX-\\\J5\'@q\\\\eWi\rGe&$:aFl\"\ʙĺ\nH\'~\T>\\Lρ\0:R\\\O;;DiX\	\嚴PAЩJ*<eo[Kq\43pI˅]R~\RssVԦ\\<l\Lb]h\:fl\,\\\\nڃ\;.\YLk\6pIޒJZ\\Z\BgsI\0z\U/\r \F\"*y\\8\7av6ʴ\ \4\\\Z=7\Etz	-Њ}S\\\E\	\L@X\'&.j\oT!\d:d\H[e\d9XWe\\Ux8pQ+DWY[uP\Z$F_\\;.g몗A\n\;K\\\\\՜\0\4素\»Zn\\ΜI;ӡ4g\,z\6c\8˙ĺ\n([> O\'l9x`aQ\Zs\rjb\\\r\\Z\WAnu \"J\F\"t ِ6ٸ\n\\\ɺ\0\-\]r&\'D:\v\:\qAX9\\	\\\T\i\6v#\֣I\X`\y/&\h\\hN\3]*GWTM\H\Q\$\U@\yM4*[\y-_9\*絙\y-S9M\\h\\;Ҹ*統\ymran\ɓ/v2PW!mQ^m橣r^j\֭T|	6S!IA\6Z9Mb\\\\0\R(uڙ^.`=Q:ȑ\Аg\3Oؠ;I&AKRW-\1\\N\ZC\Z\\VӜj^\9m( ~rn*\RT9\\]\nT΂\6~MHr&Zcͼ:܏&B\f]\\M $|HM\T9\\rN\r\\|BA0\$\\83Ͷ\&\\w\r*6Z1R\Ԝ*T\Lm2 ^b֯L̓&2\\\o)\\l0#m\T9XWm\1׆\b\'\\\HܹAÖ*ftwU4\|8\\\F0\h\EhXqv`>\"\	$\UH3!qOw;5_&-Q5ѩt\L5!\h\\TL-鶓PZ\'\0SA\UW\U\\*\`3 )bj\E&0\b%\f*Bs:BED\|EhC\w8?ްB\\<6<Cm\R9TWmY\D[F;ԏZ,D#\;REvJEhS>\Lu\0cHr&x\:7{vhfYm2\+ӦJY-Wm\z\ʬ6Zղ_;)b<M\`V\G64\.g\\f}\lev\H\cb\1tʬ6`+T3<S\̑\ʬ6\GUk+?	TH>&\0n\U\Bf1m|2jǬ\jcX\\K~KJ\A\n~\"#H$D\"H$D\"H$D\"H$D\"He\0{_bn \N\0\0\0\0IENDB`','Rent our Ironman costume','attire','S01','Man','children','Wedding'),(3,'Dress Rental',3000,'PNG\r\n\Z\n\0\0\0\rIHDR\0\0\0\\0\0\0\\0\0\0X\0\0\0sBIT|d\0\0\0	pHYs\0\0\0\0\0\0\0IDATx\\_U\o6	\DڠF(L$0\ƚh\\'E\11!Fh $UŖ*6(\\\Z\\PAEA\n>Z\=;\\s\\|?\y۹s\o\\ܹg@$I$I$I$I$I$I$I$I$I$V\\\Z`}iXѪ+\Up}\ZKoX\\+ʂHD R\",aA\"EX)HD R\"J^͛\`g\\L\\G\:z`C\[;B\-i`\x_\<Em#awv\\\l\:t\\\pI\z\],)HD R\",aA\"EX)HD R\"J\\>Mɫg4\;D\>\qU\\/9q~haSt/W\Z\,\],)HD R\",aA\"EX)HD RD_.V\veu\Z\!Z2MɊ	sj\,aA\"EX)HD R\",aA\"EX)HD R\",aA\"EXv\0͂\\"\Fہ*g\<҆\\\0N!\um\D,H.N(\=\U\,H]\StgMXz.c\rq*xcD:\`$\N±\n \}坩\"\(bt|ہ\&0p&W(\Y2\ p_\6/\XZ?\\gJr}\\\qX\y.aw\V&K`\L\\'L\ۀ\0WX\\~\Z<\΂\u\{\ <<p\<\\]	\Մcہ3+\\\\§\\x\s\l\~\Kyu\[/h\<p\{\-\-x\nx`~l\UM\C-%\\W\>\\Z\\YOi`\r\p\y7\GF}x|\[5l\\\;DA+_Yj#\rw\JEY)HD R\"\^õl\\05 3\4v #\\'\\,Ȉ\_\P\\\z\\j Z\õ\4v #\\Zwc\5 qa\g\^\	\v\\^\а\fA`o\\0\r\W;@m$\e\A\\0Y \ohX, \0O\Ѡkh	\A;kh	];@cf\\т̬x\n;\<FfTaj\\t1Su,~1\r\Mxl[\n\\\ؚ\/|\2]+[~#\֭נ9C+\\	\~˂\7\\n҂\|\lpÙ%aٵ\\\r\\\nxC\\s\\'$,9$C+\e\\n\C_&\f9)۾IC,\&\]_t =\\\0\\nҊ!\D\\O~LYd\'i\'\\zi:a\CM\\G#6M\/^u\yk\	\\n\	J\\ޕ\,pc =\\\\◖hӔ7c=3\;\j\\%3	)5^}\qpj,M\ZrA\0\O\W\>)K>I.7\Ҫk\w\tt\nڏ\\i\OsIj\Uy\,\^\\Ԉi\\\\\\!\597	꿱se\6\'\0P͝:\c`\?PM\u	xA\"Q;\qx\t͔\"Ǹn\"[BZ{_\\\U|o\Ɛ\T\H,47\\1\gj\Մ3E1GxW\\ e\\RJp\x\X\I\\&+U	?{z\Z¥*\a\S\\^z1]\ׄcV\Nz1f	\^j\:\Vg\P<T\+3.	3J\\\\x\O!E\"a\\NMRϙ$I$I$I$I$I$I$I$I$I$IR\0D\٨\0\0\0\0IENDB`','Rent this beautiful dress','attire','S01','Women','teen','Wedding'),(4,'Gown Rental',4000,'PNG\r\n\Z\n\0\0\0\rIHDR\0\0X\0\0X\0\0\0f\\0\0\0	pHYs\0\0\0\0\0\0\0\nOiCCPPhotoshop ICC profile\0\0xڝSgTS\=\BKKoR RB&*!	J!\QEEȠQ,\n\\!\\{kּ\\\>\\H3Q5B\\\\\\.@\n$p\0d!s#\0~<<+\"\0x\\0M0\B\\t8K\0@zB\0@F&S\0\0`\cb\\0P-\0`\'\\\0{\0[!\0 eD\0h;\0\VE\0X0\0fK\9\0\-\00IWfH\0\0\\0\00Q)\0{\0`\##x\0\0FW<+\*\0\0x<$9E[-qWW.(\I+6aa@.\y24\\\0\0\x\\\6_-\\"bb\\ϫp@\0\0\t~\,/\Z;m%\h^uf@\0\\Wp~<<E\\\\\\J\B[a\W}g\_Wl~<\\$2]G\\\Lϒ	b\\G\\"\IbX*\QqD2\"B)\%\d\\,>\5\0j>{-]cK\'Xt\\0\0o\(h\\w\?G%\0fIq\0\0^D$.Tʳ?\\0\0D*A,\`6B$\\BB\ndr`)B(Ͱ*`/\@4Qhp.\U=pa(	A\a!ڈbX#!H$ ɈQ\"K5H1RT UH=r9\\F;\\02G1Q=\C7\ZF\dt1\r\Z=6\Ыhڏ>C\0\3\l0.\\B8,	c˱\"\\ZVcϱwE	6wB aAHXLXN\H $4\	7	Q\\'\"K&\b21XH,#\/{C\7$C2\'IT\\F\nR#\,4H\Z#\\dk9, +ȅ\\\\3\\![\nb@qS\(R\jJ\\4\e2AURݨT5ZBRQ4u9̓IK\\Zhhi\tݕN\W\\\G\\w\rǈg(gwLӋ\T071\\oUX**|\\nJ&*/TުUU\T^S}FU3S\	ԖUP\SSg;goT?~YY\L\OCQ_\\ cx,!k\ru5\&\\|v*=9C3J3WRf?\qtN	\(~\\)\)4L1e\\kXHQG\6EYA\J\'\\\'Gg\\S\Sݧ\nM=:.kDwn^Lo\y\}/TmGX$\\<\5qo</\\QC]\@Caaᄑ\<\FFi\\\\$\m\mƣ&&!&KM\M\RM);L;L\\\͢\֙5=1\2\\כ߷`ZxZ,eI\ZYnZ9YXUZ]F%ֻNN\gðɶ\\ۮm}agbgŮ\}}=\r\Z~sr:V:ޚΜ\?}\\/gX\\\3\\)\iS\Gggs󈋉K\.>.\\Ƚ\Jtq]\z\\\ۯ\6\i\ܟ\4)Y3s\\\C\Q\\?0k߬~OCOg\#/c/Wװwa\>>r\>\<7\2\Y_\7ȷ\O\o_\C#dz\\0%gA[z|!?:\e\\AAA\!h\쐭!\Α\iP~\\\a\a\~\'W?pX\Z\15w\\Cs\DDDޛg1O9-J5*>.j<\74?\.fY\\XXIlK9.*6nl\\\\\{/\]py\\.,:@LN8A*%w%\ny\\g\"/\6ш\C\\*NH*Mz쑼5y$\3,幄\'L\rLݛ:v m2=:1qB!Mg\g\fvˬe\n/\kY-\nB\TZ(\*geWf͉\9+\\̳\ې7\\\ᒶKW-X潬j9<qy\\n\+V<*m\O\W~&zMk^ʂk\U\n\}\\\\]OX/Yߵa>\\(\x\oʿܔĹd\f\f\\\-[\n\r\ڴ\r\V\E\/\(ۻC<e\\\;?TTTT6\\ݵa\n\\{4\\\[>ɾ\UUM\f\eI?\m]Nmq\\\#׹\\\=TR\+\G\\w-\r6\rU\\#pDy\\	\\r:\v{\\vg/jBFS[b[O\>\\\\zG\4<YyJT\i\\ӓgό}~.\`ۢ{\c\\jo\t\\E\;;\\\t\\WW:_m\t\<\Oǻ\\k\z{f\7\\y\՞9=ݽzo\\\~r\'\˻\w\'O_@\A\C݇\?[\\\\jw\\G\Cˆ\r\8>99\?r\C\d\&ˮ/~\\\\јѡ򗓿m|\\\\\\\x31^V\w\w\\O\| (hSЧc3-\\0\0\0 cHRM\0\0z%\0\0\0\0\0\0\\0\0u0\0\0\`\0\0:\0\0o_\F\0\0<4IDATx\\\yeO\E$\W\&\\Gu]tx\z\\"\\UW8\ZQV$ !B\Q\Lf2=3}Tu]\կdf\\o\SԀv$I-@$ɂ%Id$I*AycNq)Jٱ0\\\Cm¶hdsD\;\זT\\n`4XV+\\U{&3\'MNu\\/ɂ%)]\{\0c\c\Pvv\nUF\z^\j\<`>\"\\BKR_F{?	ejP(\^\ї5cN\\|\.\3\'M^\j%Y$8\0\RFO݆<cNY\Q\L`\\IWd/	x\ \``OFGGW\cN<<\rL6c,X\7<	a]J\pɬDC{\\\]\\\\\\\\,X\\Q\q4\\)\\\)\˶\\\\03\%eT\o\4\r*m\72u$\r\B\zx0|MR7M|\\x\8\|*i\=1< :o\I\xhz	I)`I\	#9\ο;8\'|mp/p7{T%YB\Z3#q`x\?\\:#,XR\x\-bV\ZȦ\/ \}_H`IyؙJ\)DS&HYUX?\:p\K`I18 p2\mg_up\%Yۆ\\pbO\h\\\c5\\DG\nB`I\6ID\5\p\C\p}(\\ˌG\%68-\T^~Jt\\Je2\H\O\\F\TGMa\#\J\f\\Zs\d678qHښM\l\n\\D\\"Tٍ>G4\?Y\\?O\\ZYҭ\'\G#\jAx\Fe\\	\\'CJ\PDN^\0\Dy\\"\0\0\\\eR7\>6/,XRΌ :d&P!|Hޏ^+O\>%\\H\\?O\\>F\"-\'\\ѕL\\Zۆ\>h$`I\D4\4\S]\\N\	\\#\ZR,XRl\~j$R\\Z\\\\d#<\D*7\\ĉeb?\\\_qvhF_\rہ\d\Z0_\y\0#JoapQ\NH,{{٠%?\\ea!Y*\\J\Y\81\r&M0\͔K\\9V\g\eْ\7(l?fȂ\ZEto\D\Xy\JR5;l_F,X*ay\F\")f[\\a{\<Z`\\\ǉ0\H$%ld\\<?\dRx\\8$\.ax\I,\\x\`RvHmْK=\\\V\()\\r4l$2m\<\\e\:&)\O\\\\K`)s fqHʉDs=``)+\\07\\ZT\\\eRj<|8$\\v\_\`Ŏ#:ABORs\,XJ\vD7Th\nI*\\@\PbB(=YRU9M\"#Kq8\($P-	\e\XdR\0!#\TB\\<`Ȃ\\\\($Pn%Rf\XdRl|`qH\qj\\\r+\\GdRWo6\nI9,T\0\0\0O[x\\!`ӹV\!ER7\0O\S~>\ǁ/b\I,خBR\n\l\\8x?p6\Ո`dN#~aQH\hZ@to?\0B\'OwQZT[\9lBxx|4>:ˁsU.b\0\j\\0B5\\	s\r|g\\o\m(\nd\0p.ѤCCRJc\;[[\~\00p\xK3\\F!Ņ\n\of\d(]\Dv}\UĂzѐ\nF!Ej\Zp3\9U\\D\K2\0g\\\Β.T\zXl$5ٍ輳\A萡K9ppQHJP-\06\H\\\\^`)8\Zcb*TK\zx	\\ \K,ȩ\*AI\\DS\'\bN5c\\/2`(\\rF\'\\uƑ!a	|LaQH[A\\>X$5\:\\U&L\u`)%\]sQHR\\KD\dTH;\?K\Dt\E`㐤B?\-XJ̶DQHR|.l5\n\\(\2\nI*w>FaR<\kTjc\\mFaRs>\n\EtI\ZK\0h9I:	\ZK\\08$IU\03\/\Ђ~l\r܂3Kj35\?dR;\\$$\\\aQX\\\C\F!Ij\a?QX9x\7$)\\\v1\nIR:N7F\\:h.QF!I\H\a?#V|	n,\\"K$II7g\>K4)\@$\QX\pvvIRk\r/\Zh.\0k$XG`\\WPW\/ɂk_ûK\a$V.\\ Iʠ)Yr\|\\\ Iʰ,X\7A\-Y2\\ Iʑ\KL\%$\\wO+k\.\y$I4\0QX\T\\n˕$\0%\\ނb\\o`\(\f`QH\nd밟nF$}\*;\0w?%I*n\'`%m[b$ľ\a\'V\"\07\BT\"\\\s-X\tի*$IetB\:%+V\>bH\ʂA$\&Y\'\:@$EO`5\@<O\u\\5\(,X\/K$mf{wNHV]\\J\Xj\hc$_G,X}:8\$I\Ya)VU\'\0\3I\=`1X6p-0\($I\eV\BmG4}\\0W\\r%I\xg8d$\fRؿZJ\8\B\$\\°`\\D\'\\r= IR\ׅ$:t\\_\\BI\/k&V\{IV\[\;\$I-%\Vq\\\E\/$\\0Wc,X\3\$h$\RU\rQI2\X\\\x;p\$I;/\-X97\Z9\\Y,\"\-X9`w\gI2c`\ԙiǒ$e\ia?mʙ=JY?kVN$\j\]I2k.\y\E-X_\[\HowX)b:̱!IRA|oʮDSq]$)7\0?qV}\z*IR\LqVƌ.p$). CE)X+phP<\*,J:8\R\;`áAI䂰`a\\)KqhP\"\,X\$p\$Isl\\[Zi\\)\0\v$\r\bj\0#]$I*aojS\z\'IR\lJ\\\r~\&IRi/0܂=]\$I*7+	cN\\$Ie`?V2~\0l\:&IR\l	|߂S\&Ibs2<<\A9)WC3J\r\>\OjJ\$\?v:p\'.\Or@{{{S;uJ\=>2j\Ec\\\I\\~I*\\\.riK@S5\E*5mH\\\RS*c$VW\\\$ɂxԌ9F I͵H\2I`	\\\\\#$V5OX\3I`UUj\\"#$V5s]R\$Yy\\*5lH\.V!`1Hu8\(:$0I`eV\SF ILs\Ju{$ɂ\\\\$drG!\lH/\F-\\IF%ɂ\\'|\H+f΅%էad\OW\F#$VuJ~ $V4Q$Yb\\\XR\3I`\bW\_@,Xx\\+\\%#$V-Vxjd\zK\2#$V\\\\Z#$VqK$YjX$Y\\\\XR$Y\\\Rf$Y\Xꗷɑ$V]V\T\rR<\+IlpKrQI`\mY\C\d\S.fO@,Xz\\,Gy%ɂՀ\\\Rڍ@,X\n)w@,X^w3@,XXsaIvRdjHY\\#$V<\D\e#$VK\s%ɂհ\.j\F IFy\Sx\$ɂը.j*/$V\<\D$Yb\Z\67\$ɂ\A3I`5k[\Ƌ?$ɂմ\'\\\R7@,X\Rw$Y5\\-u\$ɂ\,\&u\=:%ɂ\4\6\0\A,X\ZsaIT׺\\-uZbUo;uJ^\0\nnQn\\6sP\Br.,)+0RWy)ۀ\\Z٠\\\'\mr\\QR\\\'2y\D\%#\a#T\1hV\\z\"z\\$U1xoH\0,60I8ق\7\"^\\F \\0Xz\\\Xf/#ԋC-Xs.,\B5@R?N`m\Jn\\rNVߦ\7ARYz7\uD%H\\P\\\9\n\\rjV\~\^67I58ނջ*׌`IšHVuo\\\X*7?dt\\rjVu\*7a8EڽՂ\;\I\0\@R\n\\4\IF \X{\C%\\r=yz$tԂU\\\\\,#iT\qW]7TR\&qF NGY[꺡o\8EF9v\-,X=ŹTNN2\\PAR`\\\X*%F\\h#Ԡ-X\y5\ht3\$5\VuOnd*zc\f_#\ `b\J\\\&8vꔭ{\A%fn_{YO/\\+\0\$5h\\aVwe\j\\[\0\zhpDo\CKK+%-S\8\\fģ\\ \\\\:V\<zW\\-\fHj\:\T\׽\nx\\eWnv3IM:x\\)C-X=\)\\\0.\\b\\o48؂\S\\\j\G1@		F )ZzU\{Sɗ:\;YX\v@R`T\\\\K\7jb0΂\S\0}0^=\\\)\Z$\#XU,/\k\\0\y\[Cu7\$\dSlc\n\9q\N?-\k\b\fW#,X\\`w)\0˿@R\Yzzse2}\E\\aF ɂ\%x׸{r\z\E\͡F )FYz*\rp+xjP+떺Ȼnbυ\`\~^\\$)\Z$\k߱Sla\\sa]\\"\\\cwqw\\$%mVwE?[xEܫ%x2rII\ׂ\\z{\~\Eܧ\K\Z=@R`Tԓ\\\\(0\.\n1IIx`wTWH\a5\E#@R`T_ӣ8<XKd;hOr/\\'\\5#\&\\\\"\4\$%dݧ\r\l=L_\\.\N\\X\ةSXrx~S\n\Vx;\b{=p\\)9LXֺx;9E$\a\HsaU.Һm,\kh\&\@R\Xz*ʧi,~E7\jk7G\f\iFA^Ǖ.ʆ=O	ءQF )A;Yzz\0Bk_\\vv\Zd,XWYϟ\f]Ob\qv\ZS4H`\\f\\ش못]v4I	\ق\S\\ª\0OcQi.8;\c\{h\\\\Pa\e.\N\ةS[ې\\`dEA^\.\NN\ `\so*D3+>\5Tf$%l\D\+>\)F ɂ΅u.vk9\r΁\\8E\i*\Bt{\?\]v2I\qΠy8<?\a¹.\N{e\)saMq%f\<a@R`|eQr.\s\\\\p#dJO\.is%\i;L\\\iW#\\"\X[\\`ځs\W\0h\Z\,X\=\Y\\j\9W\[\\rZgԼ\0o\*s\\0a\rUIj--X\L{\Ԝ=\%.Nc@R9D؋9x\UK\Db=\\"\tHj!{^\42\\\_pu:\$\PVuy\JS*~\:\\\\!BI4܂U\ƌ?\n)wa..\\Ir\1+2\k\\DXN~N_\\\$\\rZi[V\<\\.T\\\9\]TS4HJ}^\aO ÄuB~4I옛\\o7\u]T\0`,Xٱ \\\Eᒌ??^m2$\V\xp\E	\a\\]D5I-\L\}XÃٱ\\F )-\x\/],\	\\A+4\Q|\ffx\\AR:V[6-C\eٞځ\g-r\0HJzV߲4\U.L9\<\E8EYzX*dHI\\\2R\p#dʞW2<V\\\uCƞO\*GyK+2\\]v#^EN\ )-\,X}\\\\X\nE-\"\\1\\$\0lS4HJw\x\<\\QF\'loR\w[\\Wr\N3L8\\F )%k-X\]\r\\\n31\|\	\\\\'X13\ 7~\C@RJ\"m\A1L\E8#3|4\a{C\\X\`\00\$\!\\Z,M\\m\\<4\s10h5A:\>\}.	\]6I)Zn\\Ϊ\b\FWp\0N\ )]K-Xi\\mkƞ[o\2~\03I\{\\\rFkHoy\`HJ\Vmk\Un5\\k\I\ߞc\07I)Zj\\[m\F{$X;hdʁV΅uq\P[ͩ=`KAR[\h-P~m܅\TˍF ɂki\pC<\q3&\\Vv,X\\nuN\g;-9izV\\\\pz\\#\y,-Xy2\\_!:1Z\r7&|ָ8\$h>wq!\"ŷs\\rD7zb\܄Ã\uIA\Ѽ+hd\c`	s,h\0\KF\\r,Xy\Bo#!f\\0\ZdOsa]cwY%\\^F )e,X\\`9<NÄkÌ@+\\XKa#X\E}1sHJy[\a\';eq$nHJ\+3\'M^g_\G*\Z\ZHnp2hnw}`5\\\u9T6$5\3F\6F ɂOq_ε$sk\:E\͵`5feB4dT&]xhKSSI\mR1q΅(\<\UHf޳WC@R\fY\Zg!d\\\n|\U_0\bcu,I{ނո1\n\\\r;\		;\\\_Xm0I)Z̷`5\~ǳD\\D\\*\1\r%\\\.)m\Ϝ4yqqydmɦ	 Os\N\&l3N9$\\6>\n\evh\1B@41h\\\\Y\d#\,X\Y\\ϯ|\\t=j5\\\b=N2\n{\Z=cj\\M\f6a?\\[g\\-F ɂo\N6zw\ڕ\Ɯ\j\1#@Rʞ`5\F+K%\\*_At\\~7zQF )EfN܂՜f&Ffovj\"p\07\;V<\AFRV\\XV\vhח,\3l\o\\O=4wVx\'-ͣqI\zڂ\r\(YN\pU\M|{\\\UH\ZltF\r\kRщxi}kYϿ}@Rʞ`\cn?sM	s\\߿\U	YhtpqHJ\z<F&dUas\sU!G\Y\\\rR\\I\Zⱸ\\\0K\	5|\@{\	~\\\\3:7I)z\%\3\'Mn\\\NR\\{\#%\\\jLt\"p\|\jxWý\\\\HJٴ\\#X[G}\̔\8}Mϰ3]\0\Hc\\RܜAR\`Ż3UƦuȳC\\\\Ev\\Po\)\Z$\`ū\\#^erZ\;\\\	j¶g͘9i*V̡\},a6\:]\524I)C_ijL-\WJK-\3l\xWNWƼG,X[\^\\Nh\vp\\\>L8ø\\$\#X	e\{J\\\r\D\\R@t^\\)yVN\ )M\kjL-d\3=CŬjŒ\N\ )=Μ4y+~+\n\;G\67*4EcVV\ZV\\\@tUX\\\NƻZ!]YƸHJ\,X\\o\kJɄ&WN?\\\+8M\&ʠ6#(\r~Ȃ\}\.YL\P\rp\>&l/yF(^1R3܂Y}4ۥ%\\~\D`wW+\0V\M\݈;D()\`\_\(aq].WNWw\K\-eիF`rCռ\\!d943=\\>\j\\>LXY܇\\rʦ\FPxmdT\k\\\\\nl\D\v\g\\r\pм%FPxOR\i@\ZW\68s\\nâ9-\\5+WNW%\eOWD4-4\XW\$\_0	13]:\Ea²J\\UC\\n\nV\\l\Wd\A\z\Q\\\թ\0kJ\\\Zʨ׌\\R\	\\l|\f\Ps\"pW\|\\\jZl`=p-Xͷ\\\\\\v)-\NFFдeFPhw\\\t\\Β]\n\G)\Z]k\f\`φ?+_J\ߛ\\a\\έTɳ\\\!1i^`\\\g(߽\>\wpܒg\-r3\b\n\\z\d{``vF\i\\ŒgqCbv4X\\n\z՜Ea\x\^$Ä\\\e+3hHζFǌp\`\rۙm^\\qp\ß+KG\mm \r\\!jj\Ԓ\QDl	7y\h\g\\rɿռ\x%a\\\\YMC7eZwÄP)\hP>+Pn`lW^nri\_ʉی0fi\\03h\Vrp%{\n$\}B<0¸\7Za\"qPa\A\s&7Z\\nI\\\8\\b1\\\\vÂZmEzW\\_8#H\6FA\\@YT\H\\n1.R@wPt\ \]S\0YTJ\+]CqVp\\;/\ً4y\#j%\_\"\0a6J\x]d5&\`ǐ\	\m7#h	oEp0nhXT|r\_\n\ZA\(\\>`N(\,%j\\\8LX^%<\=~\Q1ܖ̂IvN.v\A˸_\\c\]ĝ\Q8EC\>\3\}b\Ŵ\nK}앱\\0alS4Wl\o!0\r\\q\"rHwl\H#h Gn#pK>/	\\)\ZZ\+	\2,`)i\\\&,5\\\\n\luê\Hv\{q\\7DCYɂV??	\\!\bҒ9\\0k,XJ\\0?Ä\1\Zj\"\9iW\0!S.ZT\dx	\S6\}\2\I\,Xj\\tF\ZA*\jk>\e,_j\\#C\\F\n\\n\o-YZ\rV؛\8LX|Aj<ѽ5^\'sВ_K-Xj\r|&,Ì /\ZC\,>\d\\~K{GΞÄ\\\r\`-\n\0#¡U\0قVC\r؆Aj>h-\|\kKV.N[T\rÄ\4hHӮD%:]\W\,Od\\\\\pʶFD7\~\(Rh\Z㈎l\Hbu1\ܾ9`\.9\8LX<d>\W\{8	8fš\F3o\#X\p*9P6\}QTa9L%\\Ot20\rBtD0q,u@ΟÄ\sn\`\\\^ǉ2Z2\<<\ej}ZOȂ%9\rÄ\*\\\jѽڔ-s%:\gpFI\V\QEH=<-KOԂ%\tXFA&|Ăi£\_\\RZ%j0xTXD\S\`#Ȍ#kh7\\x\rMx@t\_M\;4\\\QV\0\\׀eڼs,o\"p8J\3\?=ܼهQH\\\;\\^&\Z{=XJ\\.UD\\"#cCy,%,Ҏ\a\b\\2\T\\P(\nr\(\<X:`\{S4d\)F YT\^oN:ZA\\WdR\\\"\\	\#ȜOdRm>V\\\0a2\WwJ,k+;ϐÄ\\7\}_gK};b_\0a~mS4d\\@`\\a\r\\ZAt<I,U1hB\"s01LdK\M9`&̧ \ i_K%-\\#ȴ\'A`!xeG\0axVDq\a*Y#)\Z\\@#\͇\dRyÄ\\rq\-ɂ\`\wÄ\`\[_4ɂ\\\2p0?\dr<\QGIR;\a\p||\$V\rƕx\'\0a>n3gw,X%v \>y\a\|\\r\;\ Y\\\\q;L\H	|\$7he\\\\0a\mS4\<\]`\~\\0	nG#\}\1H2\0f\#ȽSA`\0்Ä\u\=v.0\(dR\\Ã]9L]AaJ\E\ nt\0av9DXg\0,X*wAO\\\Z\\"%\x<zd?\"\O\0cȔ᮫0,q\O*\'n{`1d\FPؒu	0\(dRxt\\!S0\zp\͒K\l#ȔFPhg\0?6YT\9-}q0[7\p1Ȃ\a\l\\J\A,\\@c\Ä\\9\`s<pQ蜦N\\Zt1T9ECJV\Z\#X\tԼw0}\A)\{\\0\7\nYqΙz8L>oSޒu.p\ r\rv^M\&S%2\L#:L.h\-۲`)!:aXq0]\T.\_*\",px^MhPWۯ\0Dy\b4Qw0[@Uޏ܌K0\\Z\0a:7\GB,\m	hzG\Մ\\neb(X\MA#Y\r~\k~C\0a\yB\\<8\8dR+\rá88L\z\(Z?n4eW\\8<&lqF:\|\\b#Qy<l\\'d	[g\0\\"EW?E4le`Ȃ\rv5\8L\:Cȫ/Z\\ :\QY#\I\ʫ	[g(Ƣupg(ZђKMlo&lݍ@	;O\\reRc!v TE\b\\\N*\rW\\LWn.Z\n\{<og\ZAbe	7\\\2%\#X5\J\\\Ɛ:,Q&\\0m/\p>-YÃIr0Y[*E\]@%B\Z`<`5h\\)\0۹\Z\\ l\n\=-sz#Rŏ:\X\wDuJ\n\	7$y3\'M`S\%WZ\n\IM6\\<~\08\($I\NԥpL=x\\%V\,`,^6.IjpM\\#]\r-.\"p\\,Xeh?\0;$)\5iw\rLMx\`\\\05IR\ūiJ:\nX0hʈDG\ÁP\6\\\0I\ݞm(\4+È\\r02< Wl\\"\_\0~hX*)>\[,X}p(\WT֨\\S\"\3D\J=`k\IﳍB^\N\rMYj\Zp2\($I\apJ\_ʂUYm\$u.\5\nV~|\$I\\)W\6I6p1X\r>\j$\/\Pش\Cr]\z/EV\:N\{\($I%8^eJ\2\$#KTq\\"VJsH\\ɂs?\F/I*D`ܣD\YmYo\Z+-\bXk\Z+mڌBcmavQX\Z[\8?$)ډnsQX\r\\ Iʡ/SU?\0d}c`e\A\,Xp!Uc$e\W\J\\5c$e\\\~J\\%KrucH\ #hY\Z|\($I)\nmcHGZ\[?\<Yt\ʂU8?\0>kɒ$P>C`\\\:\hUtWg\\r%I\Z7W\Z,\6\nIRV\\Fa*;w\0KB%;\~FRzx+QHb26\a`\Sl$5av؟L7\n\"s\02\nIR#s\\$	FaRu+SKBTK,X\C)\|]T];pA\_8yKuNH*I\iQ\FaRc~I4W\\"$;_K\y\08\Zx\($Ԟ	x<O4ɝF!It\'\?K1Z\($T~ˌd\\0\$\?`%.!T\{JR1Kp$\\r%I\Wa;/RO8T(\KFaR\\2$)\O\\\܂8\.Iy3\'l/3\n\O\F!Ip{\n\(,Xʶy㐤L\\\\r\mY\	x$e\Ka|a\^˂y\08\($)\\\|{\r88L\r\\\vY,@;?Q㐤	\	ZT@O\~QHRKL\07\nm5\Dv$%\u`ݕK%q#0hIR|n\\rZLV$5e\SÂ%]\n\gԐ\vtQȂ\M|E`qHRM\\0_\n\O\+\7p͒\\\Oɂ>\>,7I\fy\>K5k.\[\HR;\'\rKM8o\ ^\\0C,\\X\2?I*\K[|8x\8$\t\-a\8dR\&֗\!`V<d`6\0\7I1|\'l\$R18\r\\\!)\n۱\$vY!N,\8$\\Ұ\:,l\$2gp\\뒲j#\\\VKy(|\"<\8$e̝D~&l$r\\$\\\!)e\'\\3\!\\H\l<yTR\?Gw,X*OfC\n/)yK\i\I,\\Z\\\7pRI[/{\\n\ɂ\|*?F\"Ik\d}Yj$`^\%:\H$\i=0%lG\\r\ɂ%nz@\PZ$\R.ۍO\E4`I6򗤮օ\\\ݐ,XR\r\\":\j#Jo5ð]\J,q/	:κ,\\"\?\v\y$\k牎pI*\\'\~KJ\*\GD7h[`H3-\UF\"\\ZÀせ6cr-\\\\\`I)`=\\Pʓ\}_x\k$`I\2Y`H5#O\[KʸEAD\\r\\|ZR\r\\\\\"\nh\ډ\vh}Fj\&oc\\U\;D3ĿjIIZ\g\'\w,W*`6w\hK8\hX<Ft\Wb\PyKe1p$p}`Hu[\?ӏ-W`I||+e93\$`n,CR5m\188x70\xTro\0!\Z\r\H$T\DI_\rl8\rli<*=D\'\,3ɂ%\epUx \ZFPs+\Q\":BuCsH,)i+k\cN[|\xS2upI,)Ek[\c \{N`<ʸiD\\\n<7L,XR\DWV\\D`k#R\V#:Ru;H,)o^.	\DÉ\\0\Z`D\'\\zc,XRQ#*\l\<>{?ɂ%\2\\\=p,6\-aD\tI}i\>\!`H,IEC\:*<5&9\x8*P,Xjmx@4|8\*ſ&:\\ǅxKzI4\\IMH`IjR;0#<\n_\8h8qBxW+\\\P\\SDd\Bo\0\n[\0v)[7\\=6/D(T\\I`I\\|Vx\\\\\Àǆ\\\\\b:|(N\y	̚9i\ZSdsk<Q\\Fwҵ\Do_ky\.e\`\I\ZdTnK\9\\\\PƄ\+S\)b\|\c\d.ɂ%\\\~o8\ͮG؊h!ῇCm\ښh\:\*`\f߳\D6`9\\]wY諒<b\\-Y\\\MA$)F^Q$Id$I`I$Y$IԸ?\0\\0\)>\?\0\0\0\0IENDB`','Rent this gown','attire','S01','Women','adult','Wedding'),(5,'Costume Rental',1200,'PNG\r\n\Z\n\0\0\0\rIHDR\0\0M\0\0P\0\0\0;,\0\0\0	pHYs\0\0\0\0\0\0\0\nOiCCPPhotoshop ICC profile\0\0xڝSgTS\=\BKKoR RB&*!	J!\QEEȠQ,\n\\!\\{kּ\\\>\\H3Q5B\\\\\\.@\n$p\0d!s#\0~<<+\"\0x\\0M0\B\\t8K\0@zB\0@F&S\0\0`\cb\\0P-\0`\'\\\0{\0[!\0 eD\0h;\0\VE\0X0\0fK\9\0\-\00IWfH\0\0\\0\00Q)\0{\0`\##x\0\0FW<+\*\0\0x<$9E[-qWW.(\I+6aa@.\y24\\\0\0\x\\\6_-\\"bb\\ϫp@\0\0\t~\,/\Z;m%\h^uf@\0\\Wp~<<E\\\\\\J\B[a\W}g\_Wl~<\\$2]G\\\Lϒ	b\\G\\"\IbX*\QqD2\"B)\%\d\\,>\5\0j>{-]cK\'Xt\\0\0o\(h\\w\?G%\0fIq\0\0^D$.Tʳ?\\0\0D*A,\`6B$\\BB\ndr`)B(Ͱ*`/\@4Qhp.\U=pa(	A\a!ڈbX#!H$ ɈQ\"K5H1RT UH=r9\\F;\\02G1Q=\C7\ZF\dt1\r\Z=6\Ыhڏ>C\0\3\l0.\\B8,	c˱\"\\ZVcϱwE	6wB aAHXLXN\H $4\	7	Q\\'\"K&\b21XH,#\/{C\7$C2\'IT\\F\nR#\,4H\Z#\\dk9, +ȅ\\\\3\\![\nb@qS\(R\jJ\\4\e2AURݨT5ZBRQ4u9̓IK\\Zhhi\tݕN\W\\\G\\w\rǈg(gwLӋ\T071\\oUX**|\\nJ&*/TުUU\T^S}FU3S\	ԖUP\SSg;goT?~YY\L\OCQ_\\ cx,!k\ru5\&\\|v*=9C3J3WRf?\qtN	\(~\\)\)4L1e\\kXHQG\6EYA\J\'\\\'Gg\\S\Sݧ\nM=:.kDwn^Lo\y\}/TmGX$\\<\5qo</\\QC]\@Caaᄑ\<\FFi\\\\$\m\mƣ&&!&KM\M\RM);L;L\\\͢\֙5=1\2\\כ߷`ZxZ,eI\ZYnZ9YXUZ]F%ֻNN\gðɶ\\ۮm}agbgŮ\}}=\r\Z~sr:V:ޚΜ\?}\\/gX\\\3\\)\iS\Gggs󈋉K\.>.\\Ƚ\Jtq]\z\\\ۯ\6\i\ܟ\4)Y3s\\\C\Q\\?0k߬~OCOg\#/c/Wװwa\>>r\>\<7\2\Y_\7ȷ\O\o_\C#dz\\0%gA[z|!?:\e\\AAA\!h\쐭!\Α\iP~\\\a\a\~\'W?pX\Z\15w\\Cs\DDDޛg1O9-J5*>.j<\74?\.fY\\XXIlK9.*6nl\\\\\{/\]py\\.,:@LN8A*%w%\ny\\g\"/\6ш\C\\*NH*Mz쑼5y$\3,幄\'L\rLݛ:v m2=:1qB!Mg\g\fvˬe\n/\kY-\nB\TZ(\*geWf͉\9+\\̳\ې7\\\ᒶKW-X潬j9<qy\\n\+V<*m\O\W~&zMk^ʂk\U\n\}\\\\]OX/Yߵa>\\(\x\oʿܔĹd\f\f\\\-[\n\r\ڴ\r\V\E\/\(ۻC<e\\\;?TTTT6\\ݵa\n\\{4\\\[>ɾ\UUM\f\eI?\m]Nmq\\\#׹\\\=TR\+\G\\w-\r6\rU\\#pDy\\	\\r:\v{\\vg/jBFS[b[O\>\\\\zG\4<YyJT\i\\ӓgό}~.\`ۢ{\c\\jo\t\\E\;;\\\t\\WW:_m\t\<\Oǻ\\k\z{f\7\\y\՞9=ݽzo\\\~r\'\˻\w\'O_@\A\C݇\?[\\\\jw\\G\Cˆ\r\8>99\?r\C\d\&ˮ/~\\\\јѡ򗓿m|\\\\\\\x31^V\w\w\\O\| (hSЧc3-\\0\0\0 cHRM\0\0z%\0\0\0\0\0\0\\0\0u0\0\0\`\0\0:\0\0o_\F\0\0`LIDATx\\w]U\Zi\E@䢢((+\n\\\\\z\\r^Q\\QlXADP\Z:!!!m\9{\\'!@B2ɜ=3\\2\0sګ<\}\					 !!!!fBBBB\"̈́D				4\'3\\\,\v>Kfo)C\#\\\\~\}\hQňe\": 8A4$0A\\=\m\2>B\\6\e{c>\{\!\\\ZqdAڬZ]\'F\_\\\\gٛY+\"Wgaɂ\h\x2E\rk\<.\{^Gkqڃ8\!\#\Mh\5Q\j\n3\\x\\\|0\Z7F\5\u1M7\No-\\0Q4.W\9&\\0b\BFxЍت>\ٸD3<8\\\>\r\\Ff\LXm\\\\D}\(\Z\\^\PcWQ\1Κ@X\%eŨVdu\\.E\*F\\\s\7r\p}z9a(N<z+&0s(/v\\AV`בEfUw@\r\\vZ|\\`\"#w;{8m\3#:5\\!d\"\=sﺛ9\fѮ{\9QF\r\!d\0!k<\j\D$(ÜC.`m8\Yl{\x-7\Dg(Fj\[\\,\sW\\,1ڄ\\j;\Da9\:\}\"5sOk;qw\\\;\"fB\Vl쟻C{v\N,a\(g\0nIH3abX\S\'\0h՚;\\&|Ke[`[3;\\8\j\\?7!f\tnD@\'\ZH-\r00l\	\|8\rwB\"̈́)\\+dv[O=o\gb?\'g\"N\L\M\q%L5F\\\$}\a\Iz\n	W6H\ERpB4d͹\8\\\ \#]߹m{H\\>0MKB\"̈́I\"\\Z/v)\;Mނ\1\|\^4w7JH\y\$MU\إ\Z3l>BBл0i\i&L{b\})ӫ;`v?\N5H3a\"\\\\\Q\zH\\H\E\^\LS	4\"\2xx\3EߨFt\_\y&$\L\'\lg(,_\.rs\\\e\d!^ MxB\"̈́A/Yqi\/\oi6_\=	>!f\HDh=\n\W\Sf[JHH@+A+{6\ֆ\DC\{0{HZ	46\˻oy\v\áL1Ef?V\u;%>\\\\\N\0^,Ch\r\\v\ZD3N`?\\l\4(8VGfOF\NfhB\"̈́V\\R\\i865\^$\c\nj?[,צaI0\\\'`G!|\Z-\n_y\\v\oOgH3a\hb\\ӀU\,\r0\\LbJw91;x\}]G>6D	S\\\᭙\	\\h\\\":z%}۵/^:\\r\"ϻ{\"{?7>පi&L1\\\\p\\\[+dViG\\p\}\&Wf,l\uּP6\{UV\"v\qDݚ{\`CH~\qϯj\\Ti\<\;;\=J-弄`£[\;\@QU+h_\'7\p\%w\{qio%\L\5\U-s\p\'\s\4!;p0\	ۜq/\\\3\Zܗ\O{,fBh;9D{o\\/\0*\\4\\\7O1~F3$a\vC%O	xɾj\ΐ<i&L\\(\{&o`&6\w\\	\\ʏ\evfO{\`>,Ld\'\j\t\)!f\\\0\\48\aM\M#s\Z\{3{I/f\r\p\\hZ:ۘ\\)#\zN\e\Bѻ\'\Y\l@\\&d\}\=f߹wN\`\F\֟icpHt\Cug\7>f\xcG{\]+1Uי\ǣ\#\\vpa\"Vt<l\<yŏٻ%\G`Wv8\jon=Xi&_7ٗ\\ULM܉o8ްh\\c6\\\\1\Z՝x&>,,qg;8\T`\i&l\7\c|68\a\g,\\\v\\\n\\K[\I¾WJz\-H\\{\\\oyEA	\\|癣E=j쏠[\W\\\\4\P]0\jө\\\*}ݮ\m\\4\.CE*{qmĚ\rNC<qPE\LC\\DS \N\$\ɘ\\e\\|cڼDShoq\}\"+\N\\U*\\}w\(\5\az>\0p\7eTw.\\\϶zu%aNi\\\ۀ8=T\1>\d?FeO挄bn׷(\qګ\\b.o\\殾UK\Ly\~W\]\c\٫h\Ih_t}_L)I3\'˻\iua&\\}\9h/n%iWw͡u܏e<\E{\\pwS\^$\\';Hs\0k}\Z8k\\97\\\9nb\`B\;\#\R\ĴiN\rm׬jW=\~=s6Wƞh#\CTƉWMࡲ_\E)\\G\Z\"\\\n\.wE\?C\\"\\Q?=\\M2g\<\\v\\s\ӞN9\\<\/2Tz\{I`ig\*\\\x8\0K\5AxTN\r\\;.?\W\v,M\4}/\=\\\s\Z\\0++\\m\\IOfd 4dݵ\_gV9p5\\B\=\Z}\G4z/ǉ.\>j6\\F`jiiV\87wJTna\>	OR·P_/\G\F\%\\޼\οI44\'~bDf;\Zhn-\\}`\sƛA+\,n=:g\\0w4Ou#[ɇ\/\Od.\ĩ<\\هY\cA\/1S\}ms˝\\k\\혦zn7\b\\I6{{\JJro|Y\՚>$c\n6X<g\\\_\bص\\?c):\G\nGJs\\Y{=l\\Qb3\*xZOZ6\e\\~\\Eii\Z\\'\	*mPT\-V|\rs\tBY:\#3εO\q2\a\\\Zw6_uӚޣ}8݂&emDc&I2g\x*8*,a\\]yn\\T]{\q7\\@E<7ңU\\\a\\\\\\פ.\Pqއ)>W<Um+ך΍}\/\fŰn\|nXӰζƹ\\Dً*\S\\kܓ-\+D>\'{\V9KGjX\ussSSv3aE14\~?BqB<+f^\V7\z\P_OHE qsC,Jf4\\ߖꞭP]\42Ԣ%g\\0Tq/\?6ǣ\>\Lރ\r\`v\\'$!\ΙG\>XK	S-\fi\۰8\.w1}f:i.\0>gC\Sb@ve(tE \]m!\0\\\S=Ҥ_U\r6,\e\sdv`G:I*\:e¿h+\">0\"\\"=K.\\Gum-.00f\\!Mk=\\r\w\:\N>CU\'\\0pf\=\eVV٥B\ˁD\un\Z#\\!~\!ߚ\\B]\'\\\D36g\\=r\6UUUd\hN_,:O{<\$s:\N\"\s\\\"̖8$\	D솺Ϟ\\	2Yt5\\\\΅\[Y?PO9\\&\b\'\'\l\UE;|2e\7m$\#\\L	謢\\\fF`\>5\\O3^\?\GW\\\p\5]S|\?\}\\SFu\V\E2gk\zyjxfU\bg%\\\ue\n\?b\\<\\bY \Y\rsB\yB\\"\Z;\~}\=g>P\MG\\\Z\:>/w\E@E{s\xa\%Is3N\h\>\\\\\n\Ы5o\ÅO֣\\ZWr\p\\n+`\>?o\\\in5-{\z=_r?\0Wz\ߖ\W1\4/Tg\S\sW\ig\\E\\-EEq4\ܛh~+\\4jȌ\^j+0\\1/Ѱ\Eu~\\\\?\)HGUuo\n\ni\\iN.Ԩ=q=;\ [\\\wC\{{\\n\fdf(RT(\u$\vփ\H\g{Y٪\(\\\~g\1I/A`fW1ca}<C1~\\iN<VSը=*ǡs\X\[\\ؒ9hRR\b\xZ&f\En\\\\\rAd`ZPk\:\mO4\^8\u\GL\\n\[LaUk*\\^qΞ.\\\\9H#*\dp&0z-24m4\!v}k\(bөm\\57\$ :D}?CO\WSq̫O_C<\J+Mf78?%-\=@&+\\\"y3׫\0\q+LB \[\Z2\G\\q\C<xa~\"\4\k\{\"qHj\"Ԣ>ޣ\iK\>|weg]t_U@9Uʻxٔ5?Uģ#\\\vh_w\\\F\qA.\lJ$ˑ\Ps>\a&L\\)\:\_IGru\\&:ALD6$M\\R|\l\Wz\9\\'\W\\\\;\g?c*ij\şO\Vu\\n]i\;#0\AO\E{qے\UVh\=3F}y,u?UsS+x-x8\΁Y]o<\"x\ra?Hs3\&P\\2^lS\M5\\<e$\C8\\HtS\\\TFѼE>\^\\\\;L\#<s\ߩh	!l.pe6y4\oҾv\\\>ڹªx\\̺Jl\3\8^\Z0\Z<mp5\YA+Lh\"ÀVcDD\\'\\V\\kE\o\QuȴݝxV1\M\,\\"\(*\r[B\\\\5ٷ\\!ć\\_&9\B\\\\\G\0\\ffGl\'ﴔ8M\\\rY$[6yg\\@\\Y\\\j\\0\Cx)8\r*,\\\\+7쳣yv\ZZ[\p2Vk$h`YA\#z6hW\\eyѯ\Y\E&Bo\'\xƚ%\vVξq{z\aD[\:\\ExfF0g\Mwюni;V\c*,S\1Td\yڮ\_ݰ3=\➫*R\}TZ3팗Q\D=t\Z\\.Gp\	x\]10Z\W::1mO\\q;3\D40\0̌U9\6MNҫ1sůA\.1)\\\\\\Z\\(s\%E}!bdd>YIpN31\n=%)\Y\\r\4\m$l\ +\(!/+Z*\Y9\\f$`\n.=$;ӌ\\06\\a|z!*V0c\LR\O\W \0d8kp]si\0\DċE^\\r,\cqwFA|G[w\h8Uj5cW#Î5n2\Ɲ4\\^\W7\j\'W\\N\3rϛU.F)֩zq],{\'d0t.ͨ-ZT\\\ZE%\\<\N^d\cU!}$NN/D~\M\wҼਭݰ\\Ɋ}C\l_~+2t\\cZS>V:75-G\~\(hDU\2\\n_{_uSO\j\kj\4զ6ifF|,vwEx8:*n\\^*:Y\P\"\i(q\\ь\R\*tI#}\j?G$zhN%\TΟҤy/{\PO\\Xf6\k\~dhM\"\\;e\0\\r|lT\\\\nL\+q\Q\\\RЯLb\L~\_\ĕ\0\];P+f\$\\F\~j\N2\T,\V\-W\\r\g\GB4#\ L<\πW\'\\wDe\\G\	৞\\iTG\dD}&(~a\n0ڕ\r\)/t\a4s\gɡ\w]X&\\u9=W5^ܳ\\\\\6khB\q4m|l|X5wO\r<\J#m\iv\*\֭Y@Ӝ\0e\U]\ʜ&n2\\\/LV?ZA\\ڿ栽ְ\@\q4m\\' l\eʶNC2EjȌ>\Y&lP`\rw\:W\%\,o{[F|@aizϹyG7}q`\Ih\,\o{ܤW:O8{f\~\Iy*\s\\?`_\\qEtWM\y\"cu^#\9\n]m\\Ŗ̾dNʶ\"\?wScBBU\rf\Uug?uYI\'8Ykc|\_\TS1\;\\\\R<x!p-S&ehvFK-aW&ghVB[e^QS\|\=\\r嗝\\PnNo\\kr1^\\o	F\F׍T`&ޡ\nNuƿ\\53s\5טrYXV/\w\Ҍ\}\P>%Vd2;\'eU\t\ghj\t\\\\\x\\F\[W|$\(xt\d\"\"Μ!\nuU\#Bގ##1{Nan\\Gz&R4loc3:kK\U\\l\b@\E<{\r\Y\F>4,\YRw].\\0\E2\J/e\gޚ\bIM&\o&\\׭\0,n^\\	\8\=jPikIb\\iPEu\pV୅D	J\QF\\\\'Ʋ\0-\\\\\%3\\">\\\\2\8\\-Ĩ\NI>\X%\d\l\#eK)tB\nk]hq{n\\\\%\\[\ݍ	Q@hα29\ۑl\\\7qX.*gj\\9i\Xg\\uCf\c)2	j\z*\\)q-a0cϙ\	1\\d3\380@=L0W}b@\9mX<\\Y1mWv[\\g\rw\\\\Ԏ6\t\\-l\׵9ڔ\\|X\r\|]\V\Z\\ڗ.F\"F\yjӉ22r\\\)2R?2de;Ty,ǹ\rSdo`_`Wn׳z7\0ԏǠ!\4h\nktH\!\rќ\\륜1B\Fچ1چZ}ʇpǼA,ipe$\\5U5aԋQj!\<-/Y*Rk\\';<\joxsl\mmܗp\\-\9v\fBdmw{8^K\i}5E5@\`،!\5\?K-\\9s FOYt{R\\\\\3LA\\7U\\@\L4q;\\\0\0Obo>A:&8\\0O;\r\\Cl؈9?<\\\].\/\~l\\m9N\ÌfM\"+/mOkq&憶\\\nW	\11\\ېC0\|8\nL\<3\\׿(ϰ\\\m%\0\\v\0Z<-FV\\\\\\\G\k5ꈛzbʙH\\Z\ўbg1*[\{ \\VpJjA+-ڱ`Q<&	\#>\"\<8/`\\H\G\j=DW4P\"y_\0K㿕\0\_E=\q,z\\\z\Q\n/\nϖX6 㸢B\Y(ok3d#\\?\"\\\r<.%?\^\i\c!IcXj3Td@pnΘ^3-On[c\][\6[ߍ\ѓB4߁\ߔr\3\\cc?\0\=1{ MD\"\1\ο}a\\Iʻ\d\i\\L|\	[rOL+\q,a[\\2&ћ1\J\hR\Ǡd\ȜC[;&Ǩwfs#\\\r>\\]\Y\H3a1</\\-}-\Ӏ3 -	1[H\^\x\t)\ISD	[h\+(\r\[B\BFs\·Jcw\0a1Z\\X\'\L\BՐ\yg\v;\nk|\l\3f0\"yHﴼC\ϋb\\uL)\i&l\xK\\p!q\i5\Z_R\(v7\x\\\ri^\0\'\L8U\\/\6/\Z\#FcwΝ\V\d\\:ӷ1ﱮ\\\H3a,	\loS\~\nZ\'\710\NǴ\x\\\	\r*\rA\&\\?4n	F8\\jY~DO&X\4\N9-\jI\YJPH3aQS\ʕsTL1w.7\Ϩ)N\\z>c/hh\ŷl5\E9\׽%$\LH؈\\\M\3C8\ׁj0\'ѹ\.\r\>\h\n\\.vm\.\l3f\&\\r\rC\0g\P\\z\NPo\ZI{KM\֦\h[ROHؤ\b\&\kʈ\[֦\\3\2`\=I	:REjcEM	\"G\0!)ȣGۅn5\\\r\Xab2\rzZ5=\\Y\v\\rvlvWJx\\W2{\\}r}q(7P\J\0f$6lB\0\\\\'/eM`w.\\[~7_uۭ;\\Z\\ˊ#\l\j+\n`1\#ARf\\\`2s\9\ЏMl}.\>H3a\ȣcVM\\%\\\ \\I\\\.\'.룿/v]\\\i\r_\\#\xh\i]J	\)}V![b\1%\L\0x\lo\n7뽗\wr65!\{6\{S\20\b8\\\=!\^\0tL\0=\92{ᆭ4\6eI00\Z\\n\k6^qbeO&{\ᗁ}/e]e\kw\\Yp\N(l8QKu\o+_5׿f3\3cUD	D-\۶%\\^v\\\ۧ#\m)CЎ\}kw]\\\\j\\Ci\s\\lD	(\h_avl	S\ڊ\يm>8}\zG\<n\\_\F.`\\\n\k\[-\\䧙\\m<\트\\\qlz\҂\"C\\Pٳ\\n)E%$lX0Q\2\z\z\\c1A|$\\y L/6v9\\\\\u[\\.J$$lTl\\\cK&RBDr\\G\J\\Zܳ6\Ͱ\'I3a#\i ay\Fnw=\\ZȈ/Xh\\\C`,,\Z\[5\\\Z9\\_ ~?Y]zjӰ\'E\o\\8i&l\"q8<\hU\\Z`WY޼\K{KЅRCWNQXx-\YǛ\n\j#Ÿ\H\Be.\}+&(I		\K@o\@\\nw4\\Ի\mp\Znj֬47\\݈{\ݻ\][\u\\̌JAY\|=b\r\t5B̻նC蚒#\\n\(\1_O#c|\\\f\r\\;\.60\\\\\턟ęH3aÜiC.\R\\o̵^bn\\\\\re=Ѕ,>\j㷀\\v6cS\%\L؈gfuD\\6Bn\lzG\0/P\8\hX\M\Aa;WF^j\pE\8\و\\6˃v\+y\\\ޝ\{`*DV\\\\\(a\|M.ÂQ\G_EpAr|3LF,\)\t%6+s2\\\"ȳf\G\̈QZ\\t&\_z.\\r%M3vo$\L؈zMfuQ\\rV:m)&\\{\ZJ&\xޞr[\'\"\\\\\\R{\JO\y¸I${\j\n\ת\\Pu\`Z]ɬ\ZibXkwalǴ\i&e n4ِͬQt.\.\"ANȧ-\G\UZ(oPƚ\\g^\n\n鷭4gj0e\"̈́\k\F\\\ } oZ3@(#ާ\.8o\\:>k\//A~MH&cǭd\L\~0P\ƚ)jk\Fj\)O\\m\M<kh\rFs\\'\"llmK\\/\'z[4\?N#\:\\e{F\\\^z׼g\\\07\7	reZ\\BEƹ;CH3a\̼Iu\pz8\pH3\\tM7;\\ZF4\r\6Y\\Џ,Þ1>:\j4\n+E\h/V\7)ܕ\Zݕ\4}أ	\Aٗչ$\\\%\"n80{utea/ɶԲ+õ,`GR\%\L/\D9jl\\'\ro2\\E8o!Ι>\	ދbm\'YÔ}L\Zl]\Fo(R5ʄ{#Ny|c?Q`\&;lz\\'\E<:\\2\٘\:ϦǑ\$\"\Fm\\Z\'\'$\LM\\!G\\	\\fp$W\\\0\tQ\MV\\\\.i&lJS q\b-\w\W\\<U\/\:8u\̔`\"̈́ۦd4\봝0l\g\\6\zU-2ßE\\pҦgH3a[d..O!>BnM\\\`C\9\n\ek;\[O\H̐4hHɍgc	bۊ\\\"\k\p\\T۴\iPX\\,\g\'\64fܾAV;\&GH3a35oG\ˁ)j\\0-|\M\"PM7P%B\;_ w\ы~k\\h\̒a\:\-ѡ4&c.uačim⏖i\\r\rL\a`\2tD\\{Պ֓L9\+[ERfF-\\Pir\nV\&Ь\ \"\m&)3f\f q\2W}\03)	\U}v$s\\5f\\\\k\5M\ښT\mIp\}n\-\V7٩%\M\e|\"̈́	P\W\7hCP`mo\ ;b&\rp\[[EyO\)KZ,\\\'S`P\%1\#\\'v\\\~Nmi&l6<b0.\\\-F}FnC\\xtH \F\.VN\6J[\Vc(#XGw\#c}-D4\&q\6+\yV7\\m\Z*nwݑg\Wg\\J\\\\\\?PV\VJ=i&57+EL;Hfv\fG:ӑ\Zl\\\*C#[\0#Fm\lDF[i*i&e[\\\0-+3z\x\\;\b\\*I\\0\\QĭvѠ\\r\\\\C\	46\r30\ެۃ\\+\7T߲kW\b2\\s;\\\K\r]\<\T3͠`tԧI \J\\\rۨV\dk\As\ܶC\\[w\o\l0\3^\L_()\JF=bI\L0Ĉ\kfhG5\"\c2=\L\ vD\\\'\O\\\*k\\\q&\L\\9`׌5t43\(v<5[>\\O\v\'qzo4i&M\?\ܲh@q=hy\ui0(w\\ZnK\7`/w\\\O\f\"̈́mIUN|\\(\uV:q\'tejOv\\g\эK*璨H3a\\zJ^\Ż\\p`(4]AϚ\?;\\ρݷz\\\W\hi3f\i\Mzg\RI\\=ٰ_P&hAgޟq\V6\>0fB½\@\߸gm\Q\0\[\SbCLSƅ`88\\\oGd\\[ghڤD	c\w\\\fnv\W<Zo\\>y(\a7guj/\yL\v+&p\%QG5綬\Pq3E%	A5Wz;NY=X^`9\"^!7_,\\\\Сl\\&wsySvPp/yX\l\^\\Λ\:a\D	cR\01\"\\@ue\N6~~m\<\켗<\&\\\݁2tP\=\'\ͥLM77M\}9Ob\\\\ݾ|LE\\\M;\NV46H7\01\\\ݵ=^F\G,j\\U\CY	OAF\X\\6\\6]eq9tN55h\ɜ\\\r\\1K\$<!a\R\擞N{\*lj\\øK\\JK;\\"0\ɬ).mg\\ϊ|n\\g;lvLg7\iq\f\\w\\e\\Cc͓Hփ\5P1$D	GL\.yLP)Uq\\V\\NMoԋYgq`Y,@\Q\8\zŅ2mcXIb!\BE\ޞ;>1\?\9\\FafRD	G[-\\#wBz|G^+:\\\1D0\w\Y<y\&\Ir;َB;#kL\\\\\Ӭ7?,\ʵi\i&L8@\\9q1L\ny\G5@UJ\F݃\\ \\|Oo?\Z.$o\b\"̈́{Ic֥\\Cֹvj*_ˬ\s2̏u\\\n;\!\5iAebMu0F\L~		o\r\Kz\\Bv\93`\8?]]o\\\\\ɦh\\b짟3f&\L)u\\ϛ\r,[\0\>Kyν\'\Y\\h\\νl\K\\\\/,̈}H3r\"\G\,N;,㛅?t\!<uO\=h\{\\\Z3iR\\\yBK}~\Oy?\}KM\7<4=pmN7on\ft{2$l\[\ƶ\f\}\p\<ߚG{\l#\P\/f(\g+\SU2I	6*ez]#[\7ױ3\in\L\Yk	l\\\;Q:\2\ fB\}\\{\?5x6\[\r46ꯄN2\,[1\ΔnR7%\L\y\ݻ$\s\\Q\\\c\"Ӯ\7T_\\\1Ѳ\fi&\GE3\\I8?\\^\h= j+t޵\	\\&$i\\N\:0{5֚g\\fzp%|ñ\]\\axm\kȦ\2nXi-zfw\@VA\rs\\y\\\\2騔>5\r#\bwMb*\\\"ҥ\\N\5\Z9mfC\"̈́l\toh}\2sB$7ȄurM\\\\\ȚYD\p1 N\'ck\kխ\[\<zԳ\ne#m&\L\\\\\F7\4\!s[c\k\`\셴bü0+s=:\@\d4\"\{\'Jm9\[YqcK\\$\LmL\]g\[\x׊1FgsvA\~[_\\nFծu3hgML\fe\N¥R\\\ZNU\0\}*vl\\z^2yR\nՇZ\Zl˗\yi&\\\I\r܆\4\\\ݶ\\rnk;3Y,6\\9w\Z\"w56\'fi\^^$PWS\T:	\:Y\\|v>\\µ\9\6a\1Vk\\e\]$\hld\at4ig\.q΂\~\\(\(la	\y_˒\\A\ Ch7P\\.%\\;\k`1v>\6\0k$(O\Zz\"̈́\1lp\\꼵Lg]\\s\MH\'\&\!\NV\i\j\i\v\\\\ipFa\\\U\\Ů\}\	40\Hs \\yа](m \[G/\7\3N}YC!\Y~7\\vć@v<kq[w\\n	\\sٸ\\'Aw$s\q\ʿ[9V\rf\8BلZ\1\ >`,\Q]$򛀻\NH0F<-!a\2\Ɍ\rz\r\x\\\\}oq\i\\6\AoCV+\[]K(Cnu#\Z7lK[\ 3h=Oؠ\qk&hRr\T$n\'ΤU\rN\\fv;\hFQDs53\\&q\|dLM3+kG46@Fd΀Ռ⎎@i\OuM_N\& ̜͹c\)u1ݛ\'I3a+6\\G{]@\<\\\[w\LW%\\U\Xa.J46(DfnMp6]6.\7Gg/p	]+~\Zإv\@0\\\\K\\r\\%6\\®vxZ\[1i\\\l\sM\Y\߲\r)\Z\ \E޸w U\"̈́G\ڠ\,exE\\\x:Ǝ{Δ\˸\\Y{\ko\)\\ZPtĨK-t\&\L)\\;4Dstt\y\V\9Q\0?b\"pMہ\Fsn\\r=h\m.:\M\ȥ[$4q\\Lp?f\ݹmPb\\\	\\,㛁c\Y\t\\\e]8r|\ՊϣN\\&hW\y\ZYEIςz\"̈́},\\F*Ջя\1ܵ\Y\2{^t\\\0	48U\\Yo\ɣ\\\'A\e\6\|~\|k\\F{!3j$\Lؠ\3\?j\Ċ\r\p#\OC=\w℉\$>\\Cک}9 t\Py\jơ\nvH1\\|;c\յ\qesH3#\2p4*j\\\ٷz9au\\\n\iuŁI\\N`;\(\TaK0n@ce\r\\\\9>|\\2\~\cf;\0;\\'%BԜ.(\\/P\0a\\D	D`\#\1k㦮}T@|[,$QV9[chP\\\P6l\]b\`	e9\UN\j\\[-2\>\\ٝ>\\\|׳r\'\\/\GA51KѪ\"\\\ܐ\\\ҙJwE\LH\0`Ѣ9~\[\}`h?ӎ.\n&8\\{\N\(\Ou\FB( aF$(}it/\D\\0\'5\2oJ.ײj\؉\E++\\D	\2\\a\\"+k>,\7h\},N\[I8/6\w\1~$TNPbv-\;v\-\}F\\ƛ]\\D\T!\yN0c\4	$\b8w6\L&\\'H#WY\%xMw\\Eײ[J(f\&L\F\K4O\G(/P7\z>I		Ț>\M\PH.\ntU	wv*pV/׎3`e\"̈́\\,+\\G(\v&KMz9\q4KH3aM׊cK\x[\K74o\\Iǋ0]+\\4685Ƅ\\_^\8\'ߘL\\1\F5q[\\6\\|lwltOzFGN0羆\\FtmϺZ\ي\\=d\N;!\F(IV\HԹ8\X\,xI7\\\\_-\rd\&\*W\NK\GWc\\'HRf\"\\<+jK稛\zI`5,\rWk\ZW^M3mZ\va\4Ӌ\Rx\\pkD&\3v\څx?3[\+8\>Iek\2\|\0+\NRf\"\\q\6woTwf.\0\(xOH#D׸\>\\,&N\\: }njYA\\I.pE)O>nj[͜-\|\f<N1iTsf\qt\O9+Y\h\\`\q\\\\Q(nް\o\ݰ33}nfiF}=E!ڹ\TX\IK&mQ*\\'\kQ\R\\\NK~h\c\g|/`$\\Y\\\\nh\	\\\2\1Sɰك`F\g1\\s8g\w\"ˈJB>g\h\h$\Zm͇4\af_}I\\\/\w\CgՋG8hu\`\x.osE\\o{Yy)jn 1i^M\'o|Yt=n[v܍\f0yvc\\ڎWyJes{{G玎G	̖>=\\I\X\4[i4`k\tqSeY\vK\\X`[|\/iZ+\tχM)\Z]?8;mp	e\>\t(\\aSX[GT\\\\k\e&.mK㒿\oq\.yo\+CT\ǎGˍ\t\Ze!>\\"榷jڐ#X;KL6\\=\\\\žrn?`]T1GYǭ\t\3Y\\nqC\\LZ\\"-Rԍ\)a^_T\A%Aɩ$3#.LeeN%Ҽg\;˻fm\j \\\\0a\\Z\e\\'ymh\{e	\r\|[;*\|s\\l\\\\"\r\ͬ	\G46j|\Ի\+\l\]fqIK\ڥ\,do6*Dբ63\\a\HbAlL#ӊ6./\qST8)\n\"Ğ\u	\"ϊ#R:\:ň@E\6\m\upAJHF,#\\7\}v\0I\]\\Kezs; )\Z\qLjpyd3Os\\\4\	\`]lp]cոϴg[XMFh\\n.E%TT(Wf,&}zC\_YZ\R+ݐ4sIǟm_\\\\\L̫\o\j\q&\\\՛3I%v\\`ҩ]dW\ԧ\ZҌj+rSwT{]LS%Ÿ0cO\e\\\LY=܁Фύ\\1ύI\/n\\{EP\WQ\\Z5z\\#+7۫EÅ=uBSSiΰXə!`_\0\'K\gH\\\b\NQ	{<Mơ\\I\\56{\n5$qNMft0\A6y=X\'\0t_E(v=ȸ\\\rs,]<yC\{tU4\'au_$\\n-۠\\\^\53\?\m\\`ۜo\ZwI3DT\4A\o\xGPs@B,\\Ӧ\MIk\'\,b;t\\5O\4W4X0Qb\~\&\Y㯞\nذ\	\%{\rG\\"\&4\'e\&\@X\	?f\'|v&\v\\8kpB\0?il-a\\qc\'\0o\\nrWV\p\\\|{KK%н!.B$4I\n}\5\\\\UΊ}\:b\*G/a`dB7\M썻V|6;MN~\YЁf:\;\&kGc:@\Œj\\-#\I1i\\'h\+\a@\$\Dڵ;^N\>xf=\;\'p\/c&q\sdǘ\G%1<Yقe5\\JW\\k G\n43\\6rbt\\"|&{B\0\Xr+\\`\\MLq\UfXCçӳ\kL\Ⱥhl(\7̊3\r7x-sn\\H{2\"\\\\\FEy\3Zn.\k\0\[\\Ψ\ڗP\sx\rz^\\\p5]\9Y>\T\\n~\\\\\6]Xt9rI@pKGǦd\nA\C~r-P+.\Q:W\Kʌ;i\֯Tg\d&s_\nf0qX\	y\=\Y\\\;\'K\Ȩѕ\&\.}}Bq[iwSII\3\7\5/\\u\"r\\<x\'Wl\Y\Ήq\'\m\\dVA9خBO;|=_ؓ\\\\=a\'րm\nDkۣ\ú\ro1\\3\\\\fn\ʤ֝\\"#J9\	\\īQq~^.5UMn	\\17CcCǊ\\\0Am\B%Y\a\ \'\3v\\cuu\\'%\G\n!\\V%#d|gɸug5y\"\ѪH\\'#\d	-w!-EL|\nV|\qI#!ºLP\p(mÜ\\|hE\VMUg<\\i\\\\@.Y6}@Yskœ\^_w\\Z}YM\\\\2wE[c9\6\\ݽw\3\&;X\}\,M\\|ov\\,f\IQ+sn\@\\\Ȉ\'xQwL\qs40\\\,\c)r\\r8a\\O\\}9P\\\\I t\0%>c\\']?OQ\\Z.Wў\ť+W\%|Z\\Z*\"\(\C(e\aG\d\6U\";P\Dd0\\ys\c*T4~R\\z\pjF\x#?C\WݍPO\ݵ\իw9C͊Z+\<YGR\\\\n4Œ9ש\Q;9xb\_\2~*O9\.\Z\&o#D\(5^iƿUt\f&:A\\I$R\ُkx\.MW0\|y\\1\;Z+Wp\%8\v7\i?nǦ\nio\r\Z\\\Xth\x0f\T䙷mӅ&v8\N4\Ha1q~^S\raS;ᨄE(\m \\\&|,]g>Ό\' *|D\A\1\*]drVCao\ѽ7\<V\>\x\]	y&s\&l@o\786\\=\ļn\~\dҖʬ\a\n\6!p=\rHG\.eoj]*,#\\dh}ͪ֡vt<h\\?aǷd\U8W&[\\\^t\\%7\ԗwQ\_\Xwqo\\\!\?\\v0p-\P\JobAtY\[\ZG詼\oh\'V\tMoOxo\j,\]e\4\ZXm\\yshdh\WxkC\pvj\,i\\\^\\\Iٱ\\Lv0!\Zpֹ̙:\x;\]>h\x\)5\P\Z(\ߍ\ðULarC5;mÃ>yI\\\\\gw\A\$7MD`d~Pހkm}b:â\1{T\nIKؗel130\C:n\C:\&,{e}ųd\\6;fsq?(4{b\= \\l5k\<*;t\I㪷rM{J)\\|vn.:wd\8\nӷ}վhup=\\x^\\r\oqq\B\\M麡/\$z<7^\\zI\SuЧblFuC\Zt\T	T\U\m\b\Tnε굕7!NB,U_Y±HF`\JJ9&\4\{}a_g\ZT\m_Yp\S)\ƨ$:1s,6W\nw\\\=^wiV۶\!\uina\0]S\\c\!2\OxDwo\\:S\c\eC\Z\-\\?3L\G\O\\oY[\rݧa{\|=S,Բ\3<\JuY&̇{\@8^\\"\ 6ĈWq\Z9\\\\Lo\\3] xv@kF\\,\\k\̆M0A}\sӸt\Zxm\eD\".C\'\(~cmFյё!xF\\^4\@\\&2b\E$16u\̹\\\\\!\\n\n\\;\k߄d\\MLPxÚY8\!30YCQ\/\\=i\$\`/\\\S2e\0[.+НV\XsK)aׄO\\psO_`B,\ӓM\\nH6L`WfX/+\]_fPW/\\YZ\9#\\khu/\nvvߩ\0S	\EX>HF\qSFUG\}`\\'އo_z\yޅ1E\4+7Xl\\\"e15f\\\n]e\\)\Vgh/(pK\ac\\Z5|\\oYH\k4\Ukjb/\o_\/|.쀫\r\ly\WϹ\9\iN0\{\\\zɎ\o}\Cb5\n՝\E^\\1<a\0݋X\D\BP\ffvX5\NN]%3}-k\ \`f ˉ`vNŪ\`q\^	f\\5\D\=\l\\GV?nZF{\}\\\%O=@\0\n2\rÇ\0/p1gV\QK\֜\\[3d\M`_\\)*\Ɋ\qN\'\\cQ\p7삵\؜\e\;@#ZNhVea\"\q!\\zs\\\\,\OqnU}J/}/\o(\\\\R\\\A7>R\\(\\\c\p\\V\:k&7\}\\\\V׹T\\}Tൖ7a\`I^\n\rZqy\\\\vR\V\jF\T jw\"m.n7Q\EF`?0\*Z\XhG3tgG<Ns$\{$-d\\3j\%\\n\%f:ZV[:e\\\r7\Hc\'\n8,\ok\\;~þ4\N;\\p\ZpgDb0\\+aG\L\,ކn9{k\\N7+\F\'E \/a\t\qϛa=dopYB\"\\FXqF\1s7\\\\&Z4	;ງ6}ZoVo!\r=F\,&\\\oKUUVk\xG<F\/F5d\ڔPW\e\B\\\\\@(\>;\<\n܆\Ͻ\\t\f~\,\SY\]+\Z)\Z\Cz/8\\Np_6\\1JSH\'_լ\5\'\\#\CP\ە\+RuH1\rm&.EY7ӵ\`$õ\V[fK~.o7G\.\'K1M]\"͉>/.4\E\\n=lc\fw\p㲀aaC&\h\\m[)&oj\P\rl-w\rYLVc/+ʪb)\\\oY=X\$Ҭ\0n\;z(DmY\'?eJ\<\\%\\Xw`\S,/Ɩ\BZ4\{hB\p|R0O57:gV\\r\r\?qkH\\H3\8ѫL\\\%<\\[UX5X\$YA8iK\Ao0IC\0\I\b\x\dͯj\n\gEo\5\ZH\i&<҇a\\m\\\\$XCO\\6n\,\N1(\r\W\\P8d\\\T\{ј\B\"\Ԛ\O\\Bm驷C[Mv\\sa\(-rg\nS;wV~\\\Ϲ.JБ.\qdj\\\"}Y[d>=\\\0e/XΚG:W\Ă\n\\\s\F/RV\<4\\n\\:(zdb3b\uU\es5\\t0>>\>\\5CzWo58FK\ode/\,\SDt\"\ϖ|AEl\rT\\'E&\\\\`mqHs.˦+|\ Z\rwG\nK+ދsgC\\c(X0nH\SXb\Y\T\{\H\_\(3~m,\e\.\\}l\Z~2\}vK\\G*\o{\7L,K$I	bbżR*,s}ntD_=<\ƜLfy~\N\ru\-\XJiIgen]\\\&INu{ȋh\&޲\\]Nur\۪\F*5\(>|*c\2xpJG\v%\\\|Vgba\0*H3UOzayKejx\p5N<\\1\g0\=ny*\hp}f<%W\\l/[\'w)	L_*R\"̈́`\20XȲ<erۇ/\T\85Kp\\~jf\\Ɋx՞ǺjK\M;v\\݊\sAڝ4\Qf̈\=9/\ ;i\q)>\ɼC5(8o}1\`q\	^\zrX%qQ\\{,\b%<f\i\Ff!6}s\\\苇\"a;\\}\\X5)}q\\\ӣxf\Tx䈿	\зKz\"̈́q^U#>T\#~*\\AL\\\a5jot\#*/s:\Y(\-i&l\\l\cs#>\r<j\V*v\n\q\"|\n\]~\:\dؤA5\@MO\Z)KN4\dN\J\[\.?Y	t\K/qEJA$̈́\-\eh<$\P(\88\Г\05ؓ\<>\p\'_U\'(!\7gH\reH3ar}\y\\s3/|YÅ\\\h\'x_\B|\\/n\\%D^\\Y\Z7hvU?o_`\\\&̪\w\/\\Q\Gֱ\'\\ܷ\\v\\'\O18\w.\n\r\B\N\	a&\L\Z(F\۰x見&=tŬv\9埲Ku\f^\y\w=\\"o\I=O`\0w:j1ԁ\'\졊\CtӺ\\\7\	\\\_\\\NK0f\\\ݒ\\nEI8\\\nTQJێ\)>J\ω\\.&;:hTx\f\FoKK.f\4݊)	\)\\m\{R&S&!4?MӤ\\vZi3ɦ93\^\IXeka׀Y&L.pƣ70i&Lc\Zv\|zrR\͒,\ \\ŝ(!f\LJO\꘲\lۤC eOO0qa/9\H+\#[\Qv(ػjjB\"̈́&\.\x5jo\5-Z6[뫇\"z!آJi&ܗ(h\>]\H_ni\`\\<}\;|ȼUj=\\rp_܎\+5\?\'M\758۬1䗎O%$\L~\'\w>/\'E\\KZ&wIHa	I=O\*^b\\\\{A\L5?m¢;	$\vB\"̈́q#N[ezƋA_f\\}#]\\s5wZ}%eBR\H\,\\Z2\QS+Y\ZM_uL\\	i&t\^jg_\3l\e\?m	I=OXtD\bO	{F0>5R\\6\\\\,\^!\\\B\"̈́IG\?v|\{\\ϥ\nrqs\\q1J3H3\Z\Г\\\{G~[X\貓8}\I:p;J\xB\"̈́AQ&X:\Znx8^ʔm-i&L	\v\3vݏX	;薋R@<<7Nt90 !fS\3s]\Z\\qC\0\@A\\)Ԭ}3D	\r\u\3bk=YI\l\'m)37opAZGzlVv؏c;\"\|7!f\t\EE\Whܾ=Y1᭹]s2\(!F\\\b;%NT\,\\6ɦH3!!!!fBBBB\"̈́D				\\0\\X\\\0\0\0\0IENDB`','Rent this Hulk Costume','costume','S02','Man','teen','Halloween'),(6,'Dress Rental',2300,'PNG\r\n\Z\n\0\0\0\rIHDR\0\0X\0\0X\0\0\0f\\0\0\0	pHYs\0\0\0\0\0\0\0\nOiCCPPhotoshop ICC profile\0\0xڝSgTS\=\BKKoR RB&*!	J!\QEEȠQ,\n\\!\\{kּ\\\>\\H3Q5B\\\\\\.@\n$p\0d!s#\0~<<+\"\0x\\0M0\B\\t8K\0@zB\0@F&S\0\0`\cb\\0P-\0`\'\\\0{\0[!\0 eD\0h;\0\VE\0X0\0fK\9\0\-\00IWfH\0\0\\0\00Q)\0{\0`\##x\0\0FW<+\*\0\0x<$9E[-qWW.(\I+6aa@.\y24\\\0\0\x\\\6_-\\"bb\\ϫp@\0\0\t~\,/\Z;m%\h^uf@\0\\Wp~<<E\\\\\\J\B[a\W}g\_Wl~<\\$2]G\\\Lϒ	b\\G\\"\IbX*\QqD2\"B)\%\d\\,>\5\0j>{-]cK\'Xt\\0\0o\(h\\w\?G%\0fIq\0\0^D$.Tʳ?\\0\0D*A,\`6B$\\BB\ndr`)B(Ͱ*`/\@4Qhp.\U=pa(	A\a!ڈbX#!H$ ɈQ\"K5H1RT UH=r9\\F;\\02G1Q=\C7\ZF\dt1\r\Z=6\Ыhڏ>C\0\3\l0.\\B8,	c˱\"\\ZVcϱwE	6wB aAHXLXN\H $4\	7	Q\\'\"K&\b21XH,#\/{C\7$C2\'IT\\F\nR#\,4H\Z#\\dk9, +ȅ\\\\3\\![\nb@qS\(R\jJ\\4\e2AURݨT5ZBRQ4u9̓IK\\Zhhi\tݕN\W\\\G\\w\rǈg(gwLӋ\T071\\oUX**|\\nJ&*/TުUU\T^S}FU3S\	ԖUP\SSg;goT?~YY\L\OCQ_\\ cx,!k\ru5\&\\|v*=9C3J3WRf?\qtN	\(~\\)\)4L1e\\kXHQG\6EYA\J\'\\\'Gg\\S\Sݧ\nM=:.kDwn^Lo\y\}/TmGX$\\<\5qo</\\QC]\@Caaᄑ\<\FFi\\\\$\m\mƣ&&!&KM\M\RM);L;L\\\͢\֙5=1\2\\כ߷`ZxZ,eI\ZYnZ9YXUZ]F%ֻNN\gðɶ\\ۮm}agbgŮ\}}=\r\Z~sr:V:ޚΜ\?}\\/gX\\\3\\)\iS\Gggs󈋉K\.>.\\Ƚ\Jtq]\z\\\ۯ\6\i\ܟ\4)Y3s\\\C\Q\\?0k߬~OCOg\#/c/Wװwa\>>r\>\<7\2\Y_\7ȷ\O\o_\C#dz\\0%gA[z|!?:\e\\AAA\!h\쐭!\Α\iP~\\\a\a\~\'W?pX\Z\15w\\Cs\DDDޛg1O9-J5*>.j<\74?\.fY\\XXIlK9.*6nl\\\\\{/\]py\\.,:@LN8A*%w%\ny\\g\"/\6ш\C\\*NH*Mz쑼5y$\3,幄\'L\rLݛ:v m2=:1qB!Mg\g\fvˬe\n/\kY-\nB\TZ(\*geWf͉\9+\\̳\ې7\\\ᒶKW-X潬j9<qy\\n\+V<*m\O\W~&zMk^ʂk\U\n\}\\\\]OX/Yߵa>\\(\x\oʿܔĹd\f\f\\\-[\n\r\ڴ\r\V\E\/\(ۻC<e\\\;?TTTT6\\ݵa\n\\{4\\\[>ɾ\UUM\f\eI?\m]Nmq\\\#׹\\\=TR\+\G\\w-\r6\rU\\#pDy\\	\\r:\v{\\vg/jBFS[b[O\>\\\\zG\4<YyJT\i\\ӓgό}~.\`ۢ{\c\\jo\t\\E\;;\\\t\\WW:_m\t\<\Oǻ\\k\z{f\7\\y\՞9=ݽzo\\\~r\'\˻\w\'O_@\A\C݇\?[\\\\jw\\G\Cˆ\r\8>99\?r\C\d\&ˮ/~\\\\јѡ򗓿m|\\\\\\\x31^V\w\w\\O\| (hSЧc3-\\0\0\0 cHRM\0\0z%\0\0\0\0\0\0\\0\0u0\0\0\`\0\0:\0\0o_\F\0\0<4IDATx\\\yeO\E$\W\&\\Gu]tx\z\\"\\UW8\ZQV$ !B\Q\Lf2=3}Tu]\կdf\\o\SԀv$I-@$ɂ%Id$I*AycNq)Jٱ0\\\Cm¶hdsD\;\זT\\n`4XV+\\U{&3\'MNu\\/ɂ%)]\{\0c\c\Pvv\nUF\z^\j\<`>\"\\BKR_F{?	ejP(\^\ї5cN\\|\.\3\'M^\j%Y$8\0\RFO݆<cNY\Q\L`\\IWd/	x\ \``OFGGW\cN<<\rL6c,X\7<	a]J\pɬDC{\\\]\\\\\\\\,X\\Q\q4\\)\\\)\˶\\\\03\%eT\o\4\r*m\72u$\r\B\zx0|MR7M|\\x\8\|*i\=1< :o\I\xhz	I)`I\	#9\ο;8\'|mp/p7{T%YB\Z3#q`x\?\\:#,XR\x\-bV\ZȦ\/ \}_H`IyؙJ\)DS&HYUX?\:p\K`I18 p2\mg_up\%Yۆ\\pbO\h\\\c5\\DG\nB`I\6ID\5\p\C\p}(\\ˌG\%68-\T^~Jt\\Je2\H\O\\F\TGMa\#\J\f\\Zs\d678qHښM\l\n\\D\\"Tٍ>G4\?Y\\?O\\ZYҭ\'\G#\jAx\Fe\\	\\'CJ\PDN^\0\Dy\\"\0\0\\\eR7\>6/,XRΌ :d&P!|Hޏ^+O\>%\\H\\?O\\>F\"-\'\\ѕL\\Zۆ\>h$`I\D4\4\S]\\N\	\\#\ZR,XRl\~j$R\\Z\\\\d#<\D*7\\ĉeb?\\\_qvhF_\rہ\d\Z0_\y\0#JoapQ\NH,{{٠%?\\ea!Y*\\J\Y\81\r&M0\͔K\\9V\g\eْ\7(l?fȂ\ZEto\D\Xy\JR5;l_F,X*ay\F\")f[\\a{\<Z`\\\ǉ0\H$%ld\\<?\dRx\\8$\.ax\I,\\x\`RvHmْK=\\\V\()\\r4l$2m\<\\e\:&)\O\\\\K`)s fqHʉDs=``)+\\07\\ZT\\\eRj<|8$\\v\_\`Ŏ#:ABORs\,XJ\vD7Th\nI*\\@\PbB(=YRU9M\"#Kq8\($P-	\e\XdR\0!#\TB\\<`Ȃ\\\\($Pn%Rf\XdRl|`qH\qj\\\r+\\GdRWo6\nI9,T\0\0\0O[x\\!`ӹV\!ER7\0O\S~>\ǁ/b\I,خBR\n\l\\8x?p6\Ո`dN#~aQH\hZ@to?\0B\'OwQZT[\9lBxx|4>:ˁsU.b\0\j\\0B5\\	s\r|g\\o\m(\nd\0p.ѤCCRJc\;[[\~\00p\xK3\\F!Ņ\n\of\d(]\Dv}\UĂzѐ\nF!Ej\Zp3\9U\\D\K2\0g\\\Β.T\zXl$5ٍ輳\A萡K9ppQHJP-\06\H\\\\^`)8\Zcb*TK\zx	\\ \K,ȩ\*AI\\DS\'\bN5c\\/2`(\\rF\'\\uƑ!a	|LaQH[A\\>X$5\:\\U&L\u`)%\]sQHR\\KD\dTH;\?K\Dt\E`㐤B?\-XJ̶DQHR|.l5\n\\(\2\nI*w>FaR<\kTjc\\mFaRs>\n\EtI\ZK\0h9I:	\ZK\\08$IU\03\/\Ђ~l\r܂3Kj35\?dR;\\$$\\\aQX\\\C\F!Ij\a?QX9x\7$)\\\v1\nIR:N7F\\:h.QF!I\H\a?#V|	n,\\"K$II7g\>K4)\@$\QX\pvvIRk\r/\Zh.\0k$XG`\\WPW\/ɂk_ûK\a$V.\\ Iʠ)Yr\|\\\ Iʰ,X\7A\-Y2\\ Iʑ\KL\%$\\wO+k\.\y$I4\0QX\T\\n˕$\0%\\ނb\\o`\(\f`QH\nd밟nF$}\*;\0w?%I*n\'`%m[b$ľ\a\'V\"\07\BT\"\\\s-X\tի*$IetB\:%+V\>bH\ʂA$\&Y\'\:@$EO`5\@<O\u\\5\(,X\/K$mf{wNHV]\\J\Xj\hc$_G,X}:8\$I\Ya)VU\'\0\3I\=`1X6p-0\($I\eV\BmG4}\\0W\\r%I\xg8d$\fRؿZJ\8\B\$\\°`\\D\'\\r= IR\ׅ$:t\\_\\BI\/k&V\{IV\[\;\$I-%\Vq\\\E\/$\\0Wc,X\3\$h$\RU\rQI2\X\\\x;p\$I;/\-X97\Z9\\Y,\"\-X9`w\gI2c`\ԙiǒ$e\ia?mʙ=JY?kVN$\j\]I2k.\y\E-X_\[\HowX)b:̱!IRA|oʮDSq]$)7\0?qV}\z*IR\LqVƌ.p$). CE)X+phP<\*,J:8\R\;`áAI䂰`a\\)KqhP\"\,X\$p\$Isl\\[Zi\\)\0\v$\r\bj\0#]$I*aojS\z\'IR\lJ\\\r~\&IRi/0܂=]\$I*7+	cN\\$Ie`?V2~\0l\:&IR\l	|߂S\&Ibs2<<\A9)WC3J\r\>\OjJ\$\?v:p\'.\Or@{{{S;uJ\=>2j\Ec\\\I\\~I*\\\.riK@S5\E*5mH\\\RS*c$VW\\\$ɂxԌ9F I͵H\2I`	\\\\\#$V5OX\3I`UUj\\"#$V5s]R\$Yy\\*5lH\.V!`1Hu8\(:$0I`eV\SF ILs\Ju{$ɂ\\\\$drG!\lH/\F-\\IF%ɂ\\'|\H+f΅%էad\OW\F#$VuJ~ $V4Q$Yb\\\XR\3I`\bW\_@,Xx\\+\\%#$V-Vxjd\zK\2#$V\\\\Z#$VqK$YjX$Y\\\\XR$Y\\\Rf$Y\Xꗷɑ$V]V\T\rR<\+IlpKrQI`\mY\C\d\S.fO@,Xz\\,Gy%ɂՀ\\\Rڍ@,X\n)w@,X^w3@,XXsaIvRdjHY\\#$V<\D\e#$VK\s%ɂհ\.j\F IFy\Sx\$ɂը.j*/$V\<\D$Yb\Z\67\$ɂ\A3I`5k[\Ƌ?$ɂմ\'\\\R7@,X\Rw$Y5\\-u\$ɂ\,\&u\=:%ɂ\4\6\0\A,X\ZsaIT׺\\-uZbUo;uJ^\0\nnQn\\6sP\Br.,)+0RWy)ۀ\\Z٠\\\'\mr\\QR\\\'2y\D\%#\a#T\1hV\\z\"z\\$U1xoH\0,60I8ق\7\"^\\F \\0Xz\\\Xf/#ԋC-Xs.,\B5@R?N`m\Jn\\rNVߦ\7ARYz7\uD%H\\P\\\9\n\\rjV\~\^67I58ނջ*׌`IšHVuo\\\X*7?dt\\rjVu\*7a8EڽՂ\;\I\0\@R\n\\4\IF \X{\C%\\r=yz$tԂU\\\\\,#iT\qW]7TR\&qF NGY[꺡o\8EF9v\-,X=ŹTNN2\\PAR`\\\X*%F\\h#Ԡ-X\y5\ht3\$5\VuOnd*zc\f_#\ `b\J\\\&8vꔭ{\A%fn_{YO/\\+\0\$5h\\aVwe\j\\[\0\zhpDo\CKK+%-S\8\\fģ\\ \\\\:V\<zW\\-\fHj\:\T\׽\nx\\eWnv3IM:x\\)C-X=\)\\\0.\\b\\o48؂\S\\\j\G1@		F )ZzU\{Sɗ:\;YX\v@R`T\\\\K\7jb0΂\S\0}0^=\\\)\Z$\#XU,/\k\\0\y\[Cu7\$\dSlc\n\9q\N?-\k\b\fW#,X\\`w)\0˿@R\Yzzse2}\E\\aF ɂ\%x׸{r\z\E\͡F )FYz*\rp+xjP+떺Ȼnbυ\`\~^\\$)\Z$\k߱Sla\\sa]\\"\\\cwqw\\$%mVwE?[xEܫ%x2rII\ׂ\\z{\~\Eܧ\K\Z=@R`Tԓ\\\\(0\.\n1IIx`wTWH\a5\E#@R`T_ӣ8<XKd;hOr/\\'\\5#\&\\\\"\4\$%dݧ\r\l=L_\\.\N\\X\ةSXrx~S\n\Vx;\b{=p\\)9LXֺx;9E$\a\HsaU.Һm,\kh\&\@R\Xz*ʧi,~E7\jk7G\f\iFA^Ǖ.ʆ=O	ءQF )A;Yzz\0Bk_\\vv\Zd,XWYϟ\f]Ob\qv\ZS4H`\\f\\ش못]v4I	\ق\S\\ª\0OcQi.8;\c\{h\\\\Pa\e.\N\ةS[ې\\`dEA^\.\NN\ `\so*D3+>\5Tf$%l\D\+>\)F ɂ΅u.vk9\r΁\\8E\i*\Bt{\?\]v2I\qΠy8<?\a¹.\N{e\)saMq%f\<a@R`|eQr.\s\\\\p#dJO\.is%\i;L\\\iW#\\"\X[\\`ځs\W\0h\Z\,X\=\Y\\j\9W\[\\rZgԼ\0o\*s\\0a\rUIj--X\L{\Ԝ=\%.Nc@R9D؋9x\UK\Db=\\"\tHj!{^\42\\\_pu:\$\PVuy\JS*~\:\\\\!BI4܂U\ƌ?\n)wa..\\Ir\1+2\k\\DXN~N_\\\$\\rZi[V\<\\.T\\\9\]TS4HJ}^\aO ÄuB~4I옛\\o7\u]T\0`,Xٱ \\\Eᒌ??^m2$\V\xp\E	\a\\]D5I-\L\}XÃٱ\\F )-\x\/],\	\\A+4\Q|\ffx\\AR:V[6-C\eٞځ\g-r\0HJzV߲4\U.L9\<\E8EYzX*dHI\\\2R\p#dʞW2<V\\\uCƞO\*GyK+2\\]v#^EN\ )-\,X}\\\\X\nE-\"\\1\\$\0lS4HJw\x\<\\QF\'loR\w[\\Wr\N3L8\\F )%k-X\]\r\\\n31\|\	\\\\'X13\ 7~\C@RJ\"m\A1L\E8#3|4\a{C\\X\`\00\$\!\\Z,M\\m\\<4\s10h5A:\>\}.	\]6I)Zn\\Ϊ\b\FWp\0N\ )]K-Xi\\mkƞ[o\2~\03I\{\\\rFkHoy\`HJ\Vmk\Un5\\k\I\ߞc\07I)Zj\\[m\F{$X;hdʁV΅uq\P[ͩ=`KAR[\h-P~m܅\TˍF ɂki\pC<\q3&\\Vv,X\\nuN\g;-9izV\\\\pz\\#\y,-Xy2\\_!:1Z\r7&|ָ8\$h>wq!\"ŷs\\rD7zb\܄Ã\uIA\Ѽ+hd\c`	s,h\0\KF\\r,Xy\Bo#!f\\0\ZdOsa]cwY%\\^F )e,X\\`9<NÄkÌ@+\\XKa#X\E}1sHJy[\a\';eq$nHJ\+3\'M^g_\G*\Z\ZHnp2hnw}`5\\\u9T6$5\3F\6F ɂOq_ε$sk\:E\͵`5feB4dT&]xhKSSI\mR1q΅(\<\UHf޳WC@R\fY\Zg!d\\\n|\U_0\bcu,I{ނո1\n\\\r;\		;\\\_Xm0I)Z̷`5\~ǳD\\D\\*\1\r%\\\.)m\Ϝ4yqqydmɦ	 Os\N\&l3N9$\\6>\n\evh\1B@41h\\\\Y\d#\,X\Y\\ϯ|\\t=j5\\\b=N2\n{\Z=cj\\M\f6a?\\[g\\-F ɂo\N6zw\ڕ\Ɯ\j\1#@Rʞ`5\F+K%\\*_At\\~7zQF )EfN܂՜f&Ffovj\"p\07\;V<\AFRV\\XV\vhח,\3l\o\\O=4wVx\'-ͣqI\zڂ\r\(YN\pU\M|{\\\UH\ZltF\r\kRщxi}kYϿ}@Rʞ`\cn?sM	s\\߿\U	YhtpqHJ\z<F&dUas\sU!G\Y\\\rR\\I\Zⱸ\\\0K\	5|\@{\	~\\\\3:7I)z\%\3\'Mn\\\NR\\{\#%\\\jLt\"p\|\jxWý\\\\HJٴ\\#X[G}\̔\8}Mϰ3]\0\Hc\\RܜAR\`Ż3UƦuȳC\\\\Ev\\Po\)\Z$\`ū\\#^erZ\;\\\	j¶g͘9i*V̡\},a6\:]\524I)C_ijL-\WJK-\3l\xWNWƼG,X[\^\\Nh\vp\\\>L8ø\\$\#X	e\{J\\\r\D\\R@t^\\)yVN\ )M\kjL-d\3=CŬjŒ\N\ )=Μ4y+~+\n\;G\67*4EcVV\ZV\\\@tUX\\\NƻZ!]YƸHJ\,X\\o\kJɄ&WN?\\\+8M\&ʠ6#(\r~Ȃ\}\.YL\P\rp\>&l/yF(^1R3܂Y}4ۥ%\\~\D`wW+\0V\M\݈;D()\`\_\(aq].WNWw\K\-eիF`rCռ\\!d943=\\>\j\\>LXY܇\\rʦ\FPxmdT\k\\\\\nl\D\v\g\\r\pм%FPxOR\i@\ZW\68s\\nâ9-\\5+WNW%\eOWD4-4\XW\$\_0	13]:\Ea²J\\UC\\n\nV\\l\Wd\A\z\Q\\\թ\0kJ\\\Zʨ׌\\R\	\\l|\f\Ps\"pW\|\\\jZl`=p-Xͷ\\\\\\v)-\NFFдeFPhw\\\t\\Β]\n\G)\Z]k\f\`φ?+_J\ߛ\\a\\έTɳ\\\!1i^`\\\g(߽\>\wpܒg\-r3\b\n\\z\d{``vF\i\\ŒgqCbv4X\\n\z՜Ea\x\^$Ä\\\e+3hHζFǌp\`\rۙm^\\qp\ß+KG\mm \r\\!jj\Ԓ\QDl	7y\h\g\\rɿռ\x%a\\\\YMC7eZwÄP)\hP>+Pn`lW^nri\_ʉی0fi\\03h\Vrp%{\n$\}B<0¸\7Za\"qPa\A\s&7Z\\nI\\\8\\b1\\\\vÂZmEzW\\_8#H\6FA\\@YT\H\\n1.R@wPt\ \]S\0YTJ\+]CqVp\\;/\ً4y\#j%\_\"\0a6J\x]d5&\`ǐ\	\m7#h	oEp0nhXT|r\_\n\ZA\(\\>`N(\,%j\\\8LX^%<\=~\Q1ܖ̂IvN.v\A˸_\\c\]ĝ\Q8EC\>\3\}b\Ŵ\nK}앱\\0alS4Wl\o!0\r\\q\"rHwl\H#h Gn#pK>/	\\)\ZZ\+	\2,`)i\\\&,5\\\\n\luê\Hv\{q\\7DCYɂV??	\\!\bҒ9\\0k,XJ\\0?Ä\1\Zj\"\9iW\0!S.ZT\dx	\S6\}\2\I\,Xj\\tF\ZA*\jk>\e,_j\\#C\\F\n\\n\o-YZ\rV؛\8LX|Aj<ѽ5^\'sВ_K-Xj\r|&,Ì /\ZC\,>\d\\~K{GΞÄ\\\r\`-\n\0#¡U\0قVC\r؆Aj>h-\|\kKV.N[T\rÄ\4hHӮD%:]\W\,Od\\\\\pʶFD7\~\(Rh\Z㈎l\Hbu1\ܾ9`\.9\8LX<d>\W\{8	8fš\F3o\#X\p*9P6\}QTa9L%\\Ot20\rBtD0q,u@ΟÄ\sn\`\\\^ǉ2Z2\<<\ej}ZOȂ%9\rÄ\*\\\jѽڔ-s%:\gpFI\V\QEH=<-KOԂ%\tXFA&|Ăi£\_\\RZ%j0xTXD\S\`#Ȍ#kh7\\x\rMx@t\_M\;4\\\QV\0\\׀eڼs,o\"p8J\3\?=ܼهQH\\\;\\^&\Z{=XJ\\.UD\\"#cCy,%,Ҏ\a\b\\2\T\\P(\nr\(\<X:`\{S4d\)F YT\^oN:ZA\\WdR\\\"\\	\#ȜOdRm>V\\\0a2\WwJ,k+;ϐÄ\\7\}_gK};b_\0a~mS4d\\@`\\a\r\\ZAt<I,U1hB\"s01LdK\M9`&̧ \ i_K%-\\#ȴ\'A`!xeG\0axVDq\a*Y#)\Z\\@#\͇\dRyÄ\\rq\-ɂ\`\wÄ\`\[_4ɂ\\\2p0?\dr<\QGIR;\a\p||\$V\rƕx\'\0a>n3gw,X%v \>y\a\|\\r\;\ Y\\\\q;L\H	|\$7he\\\\0a\mS4\<\]`\~\\0	nG#\}\1H2\0f\#ȽSA`\0்Ä\u\=v.0\(dR\\Ã]9L]AaJ\E\ nt\0av9DXg\0,X*wAO\\\Z\\"%\x<zd?\"\O\0cȔ᮫0,q\O*\'n{`1d\FPؒu	0\(dRxt\\!S0\zp\͒K\l#ȔFPhg\0?6YT\9-}q0[7\p1Ȃ\a\l\\J\A,\\@c\Ä\\9\`s<pQ蜦N\\Zt1T9ECJV\Z\#X\tԼw0}\A)\{\\0\7\nYqΙz8L>oSޒu.p\ r\rv^M\&S%2\L#:L.h\-۲`)!:aXq0]\T.\_*\",px^MhPWۯ\0Dy\b4Qw0[@Uޏ܌K0\\Z\0a:7\GB,\m	hzG\Մ\\neb(X\MA#Y\r~\k~C\0a\yB\\<8\8dR+\rá88L\z\(Z?n4eW\\8<&lqF:\|\\b#Qy<l\\'d	[g\0\\"EW?E4le`Ȃ\rv5\8L\:Cȫ/Z\\ :\QY#\I\ʫ	[g(Ƣupg(ZђKMlo&lݍ@	;O\\reRc!v TE\b\\\N*\rW\\LWn.Z\n\{<og\ZAbe	7\\\2%\#X5\J\\\Ɛ:,Q&\\0m/\p>-YÃIr0Y[*E\]@%B\Z`<`5h\\)\0۹\Z\\ l\n\=-sz#Rŏ:\X\wDuJ\n\	7$y3\'M`S\%WZ\n\IM6\\<~\08\($I\NԥpL=x\\%V\,`,^6.IjpM\\#]\r-.\"p\\,Xeh?\0;$)\5iw\rLMx\`\\\05IR\ūiJ:\nX0hʈDG\ÁP\6\\\0I\ݞm(\4+È\\r02< Wl\\"\_\0~hX*)>\[,X}p(\WT֨\\S\"\3D\J=`k\IﳍB^\N\rMYj\Zp2\($I\apJ\_ʂUYm\$u.\5\nV~|\$I\\)W\6I6p1X\r>\j$\/\Pش\Cr]\z/EV\:N\{\($I%8^eJ\2\$#KTq\\"VJsH\\ɂs?\F/I*D`ܣD\YmYo\Z+-\bXk\Z+mڌBcmavQX\Z[\8?$)ډnsQX\r\\ Iʡ/SU?\0d}c`e\A\,Xp!Uc$e\W\J\\5c$e\\\~J\\%KrucH\ #hY\Z|\($I)\nmcHGZ\[?\<Yt\ʂU8?\0>kɒ$P>C`\\\:\hUtWg\\r%I\Z7W\Z,\6\nIRV\\Fa*;w\0KB%;\~FRzx+QHb26\a`\Sl$5av؟L7\n\"s\02\nIR#s\\$	FaRu+SKBTK,X\C)\|]T];pA\_8yKuNH*I\iQ\FaRc~I4W\\"$;_K\y\08\Zx\($Ԟ	x<O4ɝF!It\'\?K1Z\($T~ˌd\\0\$\?`%.!T\{JR1Kp$\\r%I\Wa;/RO8T(\KFaR\\2$)\O\\\܂8\.Iy3\'l/3\n\O\F!Ip{\n\(,Xʶy㐤L\\\\r\mY\	x$e\Ka|a\^˂y\08\($)\\\|{\r88L\r\\\vY,@;?Q㐤	\	ZT@O\~QHRKL\07\nm5\Dv$%\u`ݕK%q#0hIR|n\\rZLV$5e\SÂ%]\n\gԐ\vtQȂ\M|E`qHRM\\0_\n\O\+\7p͒\\\Oɂ>\>,7I\fy\>K5k.\[\HR;\'\rKM8o\ ^\\0C,\\X\2?I*\K[|8x\8$\t\-a\8dR\&֗\!`V<d`6\0\7I1|\'l\$R18\r\\\!)\n۱\$vY!N,\8$\\Ұ\:,l\$2gp\\뒲j#\\\VKy(|\"<\8$e̝D~&l$r\\$\\\!)e\'\\3\!\\H\l<yTR\?Gw,X*OfC\n/)yK\i\I,\\Z\\\7pRI[/{\\n\ɂ\|*?F\"Ik\d}Yj$`^\%:\H$\i=0%lG\\r\ɂ%nz@\PZ$\R.ۍO\E4`I6򗤮օ\\\ݐ,XR\r\\":\j#Jo5ð]\J,q/	:κ,\\"\?\v\y$\k牎pI*\\'\~KJ\*\GD7h[`H3-\UF\"\\ZÀせ6cr-\\\\\`I)`=\\Pʓ\}_x\k$`I\2Y`H5#O\[KʸEAD\\r\\|ZR\r\\\\\"\nh\ډ\vh}Fj\&oc\\U\;D3ĿjIIZ\g\'\w,W*`6w\hK8\hX<Ft\Wb\PyKe1p$p}`Hu[\?ӏ-W`I||+e93\$`n,CR5m\188x70\xTro\0!\Z\r\H$T\DI_\rl8\rli<*=D\'\,3ɂ%\epUx \ZFPs+\Q\":BuCsH,)i+k\cN[|\xS2upI,)Ek[\c \{N`<ʸiD\\\n<7L,XR\DWV\\D`k#R\V#:Ru;H,)o^.	\DÉ\\0\Z`D\'\\zc,XRQ#*\l\<>{?ɂ%\2\\\=p,6\-aD\tI}i\>\!`H,IEC\:*<5&9\x8*P,Xjmx@4|8\*ſ&:\\ǅxKzI4\\IMH`IjR;0#<\n_\8h8qBxW+\\\P\\SDd\Bo\0\n[\0v)[7\\=6/D(T\\I`I\\|Vx\\\\\Àǆ\\\\\b:|(N\y	̚9i\ZSdsk<Q\\Fwҵ\Do_ky\.e\`\I\ZdTnK\9\\\\PƄ\+S\)b\|\c\d.ɂ%\\\~o8\ͮG؊h!ῇCm\ښh\:\*`\f߳\D6`9\\]wY諒<b\\-Y\\\MA$)F^Q$Id$I`I$Y$IԸ?\0\\0\)>\?\0\0\0\0IENDB`','Rent this beautiful dress','attire','S01','Women','teen','Wedding'),(7,'Dress Rental',900,'PNG\r\n\Z\n\0\0\0\rIHDR\0\0\0\\0\0\0\\0\0\0X\0\0\0sBIT|d\0\0\0	pHYs\0\0\0\0\0\0\0IDATx\\_U\o6	\DڠF(L$0\ƚh\\'E\11!Fh $UŖ*6(\\\Z\\PAEA\n>Z\=;\\s\\|?\y۹s\o\\ܹg@$I$I$I$I$I$I$I$I$I$V\\\Z`}iXѪ+\Up}\ZKoX\\+ʂHD R\",aA\"EX)HD R\"J^͛\`g\\L\\G\:z`C\[;B\-i`\x_\<Em#awv\\\l\:t\\\pI\z\],)HD R\",aA\"EX)HD R\"J\\>Mɫg4\;D\>\qU\\/9q~haSt/W\Z\,\],)HD R\",aA\"EX)HD RD_.V\veu\Z\!Z2MɊ	sj\,aA\"EX)HD R\",aA\"EX)HD R\",aA\"EXv\0͂\\"\Fہ*g\<҆\\\0N!\um\D,H.N(\=\U\,H]\StgMXz.c\rq*xcD:\`$\N±\n \}坩\"\(bt|ہ\&0p&W(\Y2\ p_\6/\XZ?\\gJr}\\\qX\y.aw\V&K`\L\\'L\ۀ\0WX\\~\Z<\΂\u\{\ <<p\<\\]	\Մcہ3+\\\\§\\x\s\l\~\Kyu\[/h\<p\{\-\-x\nx`~l\UM\C-%\\W\>\\Z\\YOi`\r\p\y7\GF}x|\[5l\\\;DA+_Yj#\rw\JEY)HD R\"\^õl\\05 3\4v #\\'\\,Ȉ\_\P\\\z\\j Z\õ\4v #\\Zwc\5 qa\g\^\	\v\\^\а\fA`o\\0\r\W;@m$\e\A\\0Y \ohX, \0O\Ѡkh	\A;kh	];@cf\\т̬x\n;\<FfTaj\\t1Su,~1\r\Mxl[\n\\\ؚ\/|\2]+[~#\֭נ9C+\\	\~˂\7\\n҂\|\lpÙ%aٵ\\\r\\\nxC\\s\\'$,9$C+\e\\n\C_&\f9)۾IC,\&\]_t =\\\0\\nҊ!\D\\O~LYd\'i\'\\zi:a\CM\\G#6M\/^u\yk\	\\n\	J\\ޕ\,pc =\\\\◖hӔ7c=3\;\j\\%3	)5^}\qpj,M\ZrA\0\O\W\>)K>I.7\Ҫk\w\tt\nڏ\\i\OsIj\Uy\,\^\\Ԉi\\\\\\!\597	꿱se\6\'\0P͝:\c`\?PM\u	xA\"Q;\qx\t͔\"Ǹn\"[BZ{_\\\U|o\Ɛ\T\H,47\\1\gj\Մ3E1GxW\\ e\\RJp\x\X\I\\&+U	?{z\Z¥*\a\S\\^z1]\ׄcV\Nz1f	\^j\:\Vg\P<T\+3.	3J\\\\x\O!E\"a\\NMRϙ$I$I$I$I$I$I$I$I$I$IR\0D\٨\0\0\0\0IENDB`','Rent this beautiful dress','attire','S01','Women','teen','Debut'),(8,'Dress Rental',2300,'PNG\r\n\Z\n\0\0\0\rIHDR\0\0\0\\0\0\0\\0\0\0X\0\0\0sBIT|d\0\0\0	pHYs\0\0\0\0\0\0\0IDATx\\_U\o6	\DڠF(L$0\ƚh\\'E\11!Fh $UŖ*6(\\\Z\\PAEA\n>Z\=;\\s\\|?\y۹s\o\\ܹg@$I$I$I$I$I$I$I$I$I$V\\\Z`}iXѪ+\Up}\ZKoX\\+ʂHD R\",aA\"EX)HD R\"J^͛\`g\\L\\G\:z`C\[;B\-i`\x_\<Em#awv\\\l\:t\\\pI\z\],)HD R\",aA\"EX)HD R\"J\\>Mɫg4\;D\>\qU\\/9q~haSt/W\Z\,\],)HD R\",aA\"EX)HD RD_.V\veu\Z\!Z2MɊ	sj\,aA\"EX)HD R\",aA\"EX)HD R\",aA\"EXv\0͂\\"\Fہ*g\<҆\\\0N!\um\D,H.N(\=\U\,H]\StgMXz.c\rq*xcD:\`$\N±\n \}坩\"\(bt|ہ\&0p&W(\Y2\ p_\6/\XZ?\\gJr}\\\qX\y.aw\V&K`\L\\'L\ۀ\0WX\\~\Z<\΂\u\{\ <<p\<\\]	\Մcہ3+\\\\§\\x\s\l\~\Kyu\[/h\<p\{\-\-x\nx`~l\UM\C-%\\W\>\\Z\\YOi`\r\p\y7\GF}x|\[5l\\\;DA+_Yj#\rw\JEY)HD R\"\^õl\\05 3\4v #\\'\\,Ȉ\_\P\\\z\\j Z\õ\4v #\\Zwc\5 qa\g\^\	\v\\^\а\fA`o\\0\r\W;@m$\e\A\\0Y \ohX, \0O\Ѡkh	\A;kh	];@cf\\т̬x\n;\<FfTaj\\t1Su,~1\r\Mxl[\n\\\ؚ\/|\2]+[~#\֭נ9C+\\	\~˂\7\\n҂\|\lpÙ%aٵ\\\r\\\nxC\\s\\'$,9$C+\e\\n\C_&\f9)۾IC,\&\]_t =\\\0\\nҊ!\D\\O~LYd\'i\'\\zi:a\CM\\G#6M\/^u\yk\	\\n\	J\\ޕ\,pc =\\\\◖hӔ7c=3\;\j\\%3	)5^}\qpj,M\ZrA\0\O\W\>)K>I.7\Ҫk\w\tt\nڏ\\i\OsIj\Uy\,\^\\Ԉi\\\\\\!\597	꿱se\6\'\0P͝:\c`\?PM\u	xA\"Q;\qx\t͔\"Ǹn\"[BZ{_\\\U|o\Ɛ\T\H,47\\1\gj\Մ3E1GxW\\ e\\RJp\x\X\I\\&+U	?{z\Z¥*\a\S\\^z1]\ׄcV\Nz1f	\^j\:\Vg\P<T\+3.	3J\\\\x\O!E\"a\\NMRϙ$I$I$I$I$I$I$I$I$I$IR\0D\٨\0\0\0\0IENDB`','Rent this beautiful dress','attire','S02','Women','teen','Women'),(9,'Costume Rental',1200,'PNG\r\n\Z\n\0\0\0\rIHDR\0\0X\0\0X\0\0\0f\\0\0\0	pHYs\0\0\0\0\0\0\0\nOiCCPPhotoshop ICC profile\0\0xڝSgTS\=\BKKoR RB&*!	J!\QEEȠQ,\n\\!\\{kּ\\\>\\H3Q5B\\\\\\.@\n$p\0d!s#\0~<<+\"\0x\\0M0\B\\t8K\0@zB\0@F&S\0\0`\cb\\0P-\0`\'\\\0{\0[!\0 eD\0h;\0\VE\0X0\0fK\9\0\-\00IWfH\0\0\\0\00Q)\0{\0`\##x\0\0FW<+\*\0\0x<$9E[-qWW.(\I+6aa@.\y24\\\0\0\x\\\6_-\\"bb\\ϫp@\0\0\t~\,/\Z;m%\h^uf@\0\\Wp~<<E\\\\\\J\B[a\W}g\_Wl~<\\$2]G\\\Lϒ	b\\G\\"\IbX*\QqD2\"B)\%\d\\,>\5\0j>{-]cK\'Xt\\0\0o\(h\\w\?G%\0fIq\0\0^D$.Tʳ?\\0\0D*A,\`6B$\\BB\ndr`)B(Ͱ*`/\@4Qhp.\U=pa(	A\a!ڈbX#!H$ ɈQ\"K5H1RT UH=r9\\F;\\02G1Q=\C7\ZF\dt1\r\Z=6\Ыhڏ>C\0\3\l0.\\B8,	c˱\"\\ZVcϱwE	6wB aAHXLXN\H $4\	7	Q\\'\"K&\b21XH,#\/{C\7$C2\'IT\\F\nR#\,4H\Z#\\dk9, +ȅ\\\\3\\![\nb@qS\(R\jJ\\4\e2AURݨT5ZBRQ4u9̓IK\\Zhhi\tݕN\W\\\G\\w\rǈg(gwLӋ\T071\\oUX**|\\nJ&*/TުUU\T^S}FU3S\	ԖUP\SSg;goT?~YY\L\OCQ_\\ cx,!k\ru5\&\\|v*=9C3J3WRf?\qtN	\(~\\)\)4L1e\\kXHQG\6EYA\J\'\\\'Gg\\S\Sݧ\nM=:.kDwn^Lo\y\}/TmGX$\\<\5qo</\\QC]\@Caaᄑ\<\FFi\\\\$\m\mƣ&&!&KM\M\RM);L;L\\\͢\֙5=1\2\\כ߷`ZxZ,eI\ZYnZ9YXUZ]F%ֻNN\gðɶ\\ۮm}agbgŮ\}}=\r\Z~sr:V:ޚΜ\?}\\/gX\\\3\\)\iS\Gggs󈋉K\.>.\\Ƚ\Jtq]\z\\\ۯ\6\i\ܟ\4)Y3s\\\C\Q\\?0k߬~OCOg\#/c/Wװwa\>>r\>\<7\2\Y_\7ȷ\O\o_\C#dz\\0%gA[z|!?:\e\\AAA\!h\쐭!\Α\iP~\\\a\a\~\'W?pX\Z\15w\\Cs\DDDޛg1O9-J5*>.j<\74?\.fY\\XXIlK9.*6nl\\\\\{/\]py\\.,:@LN8A*%w%\ny\\g\"/\6ш\C\\*NH*Mz쑼5y$\3,幄\'L\rLݛ:v m2=:1qB!Mg\g\fvˬe\n/\kY-\nB\TZ(\*geWf͉\9+\\̳\ې7\\\ᒶKW-X潬j9<qy\\n\+V<*m\O\W~&zMk^ʂk\U\n\}\\\\]OX/Yߵa>\\(\x\oʿܔĹd\f\f\\\-[\n\r\ڴ\r\V\E\/\(ۻC<e\\\;?TTTT6\\ݵa\n\\{4\\\[>ɾ\UUM\f\eI?\m]Nmq\\\#׹\\\=TR\+\G\\w-\r6\rU\\#pDy\\	\\r:\v{\\vg/jBFS[b[O\>\\\\zG\4<YyJT\i\\ӓgό}~.\`ۢ{\c\\jo\t\\E\;;\\\t\\WW:_m\t\<\Oǻ\\k\z{f\7\\y\՞9=ݽzo\\\~r\'\˻\w\'O_@\A\C݇\?[\\\\jw\\G\Cˆ\r\8>99\?r\C\d\&ˮ/~\\\\јѡ򗓿m|\\\\\\\x31^V\w\w\\O\| (hSЧc3-\\0\0\0 cHRM\0\0z%\0\0\0\0\0\0\\0\0u0\0\0\`\0\0:\0\0o_\F\0\0<4IDATx\\\yeO\E$\W\&\\Gu]tx\z\\"\\UW8\ZQV$ !B\Q\Lf2=3}Tu]\կdf\\o\SԀv$I-@$ɂ%Id$I*AycNq)Jٱ0\\\Cm¶hdsD\;\זT\\n`4XV+\\U{&3\'MNu\\/ɂ%)]\{\0c\c\Pvv\nUF\z^\j\<`>\"\\BKR_F{?	ejP(\^\ї5cN\\|\.\3\'M^\j%Y$8\0\RFO݆<cNY\Q\L`\\IWd/	x\ \``OFGGW\cN<<\rL6c,X\7<	a]J\pɬDC{\\\]\\\\\\\\,X\\Q\q4\\)\\\)\˶\\\\03\%eT\o\4\r*m\72u$\r\B\zx0|MR7M|\\x\8\|*i\=1< :o\I\xhz	I)`I\	#9\ο;8\'|mp/p7{T%YB\Z3#q`x\?\\:#,XR\x\-bV\ZȦ\/ \}_H`IyؙJ\)DS&HYUX?\:p\K`I18 p2\mg_up\%Yۆ\\pbO\h\\\c5\\DG\nB`I\6ID\5\p\C\p}(\\ˌG\%68-\T^~Jt\\Je2\H\O\\F\TGMa\#\J\f\\Zs\d678qHښM\l\n\\D\\"Tٍ>G4\?Y\\?O\\ZYҭ\'\G#\jAx\Fe\\	\\'CJ\PDN^\0\Dy\\"\0\0\\\eR7\>6/,XRΌ :d&P!|Hޏ^+O\>%\\H\\?O\\>F\"-\'\\ѕL\\Zۆ\>h$`I\D4\4\S]\\N\	\\#\ZR,XRl\~j$R\\Z\\\\d#<\D*7\\ĉeb?\\\_qvhF_\rہ\d\Z0_\y\0#JoapQ\NH,{{٠%?\\ea!Y*\\J\Y\81\r&M0\͔K\\9V\g\eْ\7(l?fȂ\ZEto\D\Xy\JR5;l_F,X*ay\F\")f[\\a{\<Z`\\\ǉ0\H$%ld\\<?\dRx\\8$\.ax\I,\\x\`RvHmْK=\\\V\()\\r4l$2m\<\\e\:&)\O\\\\K`)s fqHʉDs=``)+\\07\\ZT\\\eRj<|8$\\v\_\`Ŏ#:ABORs\,XJ\vD7Th\nI*\\@\PbB(=YRU9M\"#Kq8\($P-	\e\XdR\0!#\TB\\<`Ȃ\\\\($Pn%Rf\XdRl|`qH\qj\\\r+\\GdRWo6\nI9,T\0\0\0O[x\\!`ӹV\!ER7\0O\S~>\ǁ/b\I,خBR\n\l\\8x?p6\Ո`dN#~aQH\hZ@to?\0B\'OwQZT[\9lBxx|4>:ˁsU.b\0\j\\0B5\\	s\r|g\\o\m(\nd\0p.ѤCCRJc\;[[\~\00p\xK3\\F!Ņ\n\of\d(]\Dv}\UĂzѐ\nF!Ej\Zp3\9U\\D\K2\0g\\\Β.T\zXl$5ٍ輳\A萡K9ppQHJP-\06\H\\\\^`)8\Zcb*TK\zx	\\ \K,ȩ\*AI\\DS\'\bN5c\\/2`(\\rF\'\\uƑ!a	|LaQH[A\\>X$5\:\\U&L\u`)%\]sQHR\\KD\dTH;\?K\Dt\E`㐤B?\-XJ̶DQHR|.l5\n\\(\2\nI*w>FaR<\kTjc\\mFaRs>\n\EtI\ZK\0h9I:	\ZK\\08$IU\03\/\Ђ~l\r܂3Kj35\?dR;\\$$\\\aQX\\\C\F!Ij\a?QX9x\7$)\\\v1\nIR:N7F\\:h.QF!I\H\a?#V|	n,\\"K$II7g\>K4)\@$\QX\pvvIRk\r/\Zh.\0k$XG`\\WPW\/ɂk_ûK\a$V.\\ Iʠ)Yr\|\\\ Iʰ,X\7A\-Y2\\ Iʑ\KL\%$\\wO+k\.\y$I4\0QX\T\\n˕$\0%\\ނb\\o`\(\f`QH\nd밟nF$}\*;\0w?%I*n\'`%m[b$ľ\a\'V\"\07\BT\"\\\s-X\tի*$IetB\:%+V\>bH\ʂA$\&Y\'\:@$EO`5\@<O\u\\5\(,X\/K$mf{wNHV]\\J\Xj\hc$_G,X}:8\$I\Ya)VU\'\0\3I\=`1X6p-0\($I\eV\BmG4}\\0W\\r%I\xg8d$\fRؿZJ\8\B\$\\°`\\D\'\\r= IR\ׅ$:t\\_\\BI\/k&V\{IV\[\;\$I-%\Vq\\\E\/$\\0Wc,X\3\$h$\RU\rQI2\X\\\x;p\$I;/\-X97\Z9\\Y,\"\-X9`w\gI2c`\ԙiǒ$e\ia?mʙ=JY?kVN$\j\]I2k.\y\E-X_\[\HowX)b:̱!IRA|oʮDSq]$)7\0?qV}\z*IR\LqVƌ.p$). CE)X+phP<\*,J:8\R\;`áAI䂰`a\\)KqhP\"\,X\$p\$Isl\\[Zi\\)\0\v$\r\bj\0#]$I*aojS\z\'IR\lJ\\\r~\&IRi/0܂=]\$I*7+	cN\\$Ie`?V2~\0l\:&IR\l	|߂S\&Ibs2<<\A9)WC3J\r\>\OjJ\$\?v:p\'.\Or@{{{S;uJ\=>2j\Ec\\\I\\~I*\\\.riK@S5\E*5mH\\\RS*c$VW\\\$ɂxԌ9F I͵H\2I`	\\\\\#$V5OX\3I`UUj\\"#$V5s]R\$Yy\\*5lH\.V!`1Hu8\(:$0I`eV\SF ILs\Ju{$ɂ\\\\$drG!\lH/\F-\\IF%ɂ\\'|\H+f΅%էad\OW\F#$VuJ~ $V4Q$Yb\\\XR\3I`\bW\_@,Xx\\+\\%#$V-Vxjd\zK\2#$V\\\\Z#$VqK$YjX$Y\\\\XR$Y\\\Rf$Y\Xꗷɑ$V]V\T\rR<\+IlpKrQI`\mY\C\d\S.fO@,Xz\\,Gy%ɂՀ\\\Rڍ@,X\n)w@,X^w3@,XXsaIvRdjHY\\#$V<\D\e#$VK\s%ɂհ\.j\F IFy\Sx\$ɂը.j*/$V\<\D$Yb\Z\67\$ɂ\A3I`5k[\Ƌ?$ɂմ\'\\\R7@,X\Rw$Y5\\-u\$ɂ\,\&u\=:%ɂ\4\6\0\A,X\ZsaIT׺\\-uZbUo;uJ^\0\nnQn\\6sP\Br.,)+0RWy)ۀ\\Z٠\\\'\mr\\QR\\\'2y\D\%#\a#T\1hV\\z\"z\\$U1xoH\0,60I8ق\7\"^\\F \\0Xz\\\Xf/#ԋC-Xs.,\B5@R?N`m\Jn\\rNVߦ\7ARYz7\uD%H\\P\\\9\n\\rjV\~\^67I58ނջ*׌`IšHVuo\\\X*7?dt\\rjVu\*7a8EڽՂ\;\I\0\@R\n\\4\IF \X{\C%\\r=yz$tԂU\\\\\,#iT\qW]7TR\&qF NGY[꺡o\8EF9v\-,X=ŹTNN2\\PAR`\\\X*%F\\h#Ԡ-X\y5\ht3\$5\VuOnd*zc\f_#\ `b\J\\\&8vꔭ{\A%fn_{YO/\\+\0\$5h\\aVwe\j\\[\0\zhpDo\CKK+%-S\8\\fģ\\ \\\\:V\<zW\\-\fHj\:\T\׽\nx\\eWnv3IM:x\\)C-X=\)\\\0.\\b\\o48؂\S\\\j\G1@		F )ZzU\{Sɗ:\;YX\v@R`T\\\\K\7jb0΂\S\0}0^=\\\)\Z$\#XU,/\k\\0\y\[Cu7\$\dSlc\n\9q\N?-\k\b\fW#,X\\`w)\0˿@R\Yzzse2}\E\\aF ɂ\%x׸{r\z\E\͡F )FYz*\rp+xjP+떺Ȼnbυ\`\~^\\$)\Z$\k߱Sla\\sa]\\"\\\cwqw\\$%mVwE?[xEܫ%x2rII\ׂ\\z{\~\Eܧ\K\Z=@R`Tԓ\\\\(0\.\n1IIx`wTWH\a5\E#@R`T_ӣ8<XKd;hOr/\\'\\5#\&\\\\"\4\$%dݧ\r\l=L_\\.\N\\X\ةSXrx~S\n\Vx;\b{=p\\)9LXֺx;9E$\a\HsaU.Һm,\kh\&\@R\Xz*ʧi,~E7\jk7G\f\iFA^Ǖ.ʆ=O	ءQF )A;Yzz\0Bk_\\vv\Zd,XWYϟ\f]Ob\qv\ZS4H`\\f\\ش못]v4I	\ق\S\\ª\0OcQi.8;\c\{h\\\\Pa\e.\N\ةS[ې\\`dEA^\.\NN\ `\so*D3+>\5Tf$%l\D\+>\)F ɂ΅u.vk9\r΁\\8E\i*\Bt{\?\]v2I\qΠy8<?\a¹.\N{e\)saMq%f\<a@R`|eQr.\s\\\\p#dJO\.is%\i;L\\\iW#\\"\X[\\`ځs\W\0h\Z\,X\=\Y\\j\9W\[\\rZgԼ\0o\*s\\0a\rUIj--X\L{\Ԝ=\%.Nc@R9D؋9x\UK\Db=\\"\tHj!{^\42\\\_pu:\$\PVuy\JS*~\:\\\\!BI4܂U\ƌ?\n)wa..\\Ir\1+2\k\\DXN~N_\\\$\\rZi[V\<\\.T\\\9\]TS4HJ}^\aO ÄuB~4I옛\\o7\u]T\0`,Xٱ \\\Eᒌ??^m2$\V\xp\E	\a\\]D5I-\L\}XÃٱ\\F )-\x\/],\	\\A+4\Q|\ffx\\AR:V[6-C\eٞځ\g-r\0HJzV߲4\U.L9\<\E8EYzX*dHI\\\2R\p#dʞW2<V\\\uCƞO\*GyK+2\\]v#^EN\ )-\,X}\\\\X\nE-\"\\1\\$\0lS4HJw\x\<\\QF\'loR\w[\\Wr\N3L8\\F )%k-X\]\r\\\n31\|\	\\\\'X13\ 7~\C@RJ\"m\A1L\E8#3|4\a{C\\X\`\00\$\!\\Z,M\\m\\<4\s10h5A:\>\}.	\]6I)Zn\\Ϊ\b\FWp\0N\ )]K-Xi\\mkƞ[o\2~\03I\{\\\rFkHoy\`HJ\Vmk\Un5\\k\I\ߞc\07I)Zj\\[m\F{$X;hdʁV΅uq\P[ͩ=`KAR[\h-P~m܅\TˍF ɂki\pC<\q3&\\Vv,X\\nuN\g;-9izV\\\\pz\\#\y,-Xy2\\_!:1Z\r7&|ָ8\$h>wq!\"ŷs\\rD7zb\܄Ã\uIA\Ѽ+hd\c`	s,h\0\KF\\r,Xy\Bo#!f\\0\ZdOsa]cwY%\\^F )e,X\\`9<NÄkÌ@+\\XKa#X\E}1sHJy[\a\';eq$nHJ\+3\'M^g_\G*\Z\ZHnp2hnw}`5\\\u9T6$5\3F\6F ɂOq_ε$sk\:E\͵`5feB4dT&]xhKSSI\mR1q΅(\<\UHf޳WC@R\fY\Zg!d\\\n|\U_0\bcu,I{ނո1\n\\\r;\		;\\\_Xm0I)Z̷`5\~ǳD\\D\\*\1\r%\\\.)m\Ϝ4yqqydmɦ	 Os\N\&l3N9$\\6>\n\evh\1B@41h\\\\Y\d#\,X\Y\\ϯ|\\t=j5\\\b=N2\n{\Z=cj\\M\f6a?\\[g\\-F ɂo\N6zw\ڕ\Ɯ\j\1#@Rʞ`5\F+K%\\*_At\\~7zQF )EfN܂՜f&Ffovj\"p\07\;V<\AFRV\\XV\vhח,\3l\o\\O=4wVx\'-ͣqI\zڂ\r\(YN\pU\M|{\\\UH\ZltF\r\kRщxi}kYϿ}@Rʞ`\cn?sM	s\\߿\U	YhtpqHJ\z<F&dUas\sU!G\Y\\\rR\\I\Zⱸ\\\0K\	5|\@{\	~\\\\3:7I)z\%\3\'Mn\\\NR\\{\#%\\\jLt\"p\|\jxWý\\\\HJٴ\\#X[G}\̔\8}Mϰ3]\0\Hc\\RܜAR\`Ż3UƦuȳC\\\\Ev\\Po\)\Z$\`ū\\#^erZ\;\\\	j¶g͘9i*V̡\},a6\:]\524I)C_ijL-\WJK-\3l\xWNWƼG,X[\^\\Nh\vp\\\>L8ø\\$\#X	e\{J\\\r\D\\R@t^\\)yVN\ )M\kjL-d\3=CŬjŒ\N\ )=Μ4y+~+\n\;G\67*4EcVV\ZV\\\@tUX\\\NƻZ!]YƸHJ\,X\\o\kJɄ&WN?\\\+8M\&ʠ6#(\r~Ȃ\}\.YL\P\rp\>&l/yF(^1R3܂Y}4ۥ%\\~\D`wW+\0V\M\݈;D()\`\_\(aq].WNWw\K\-eիF`rCռ\\!d943=\\>\j\\>LXY܇\\rʦ\FPxmdT\k\\\\\nl\D\v\g\\r\pм%FPxOR\i@\ZW\68s\\nâ9-\\5+WNW%\eOWD4-4\XW\$\_0	13]:\Ea²J\\UC\\n\nV\\l\Wd\A\z\Q\\\թ\0kJ\\\Zʨ׌\\R\	\\l|\f\Ps\"pW\|\\\jZl`=p-Xͷ\\\\\\v)-\NFFдeFPhw\\\t\\Β]\n\G)\Z]k\f\`φ?+_J\ߛ\\a\\έTɳ\\\!1i^`\\\g(߽\>\wpܒg\-r3\b\n\\z\d{``vF\i\\ŒgqCbv4X\\n\z՜Ea\x\^$Ä\\\e+3hHζFǌp\`\rۙm^\\qp\ß+KG\mm \r\\!jj\Ԓ\QDl	7y\h\g\\rɿռ\x%a\\\\YMC7eZwÄP)\hP>+Pn`lW^nri\_ʉی0fi\\03h\Vrp%{\n$\}B<0¸\7Za\"qPa\A\s&7Z\\nI\\\8\\b1\\\\vÂZmEzW\\_8#H\6FA\\@YT\H\\n1.R@wPt\ \]S\0YTJ\+]CqVp\\;/\ً4y\#j%\_\"\0a6J\x]d5&\`ǐ\	\m7#h	oEp0nhXT|r\_\n\ZA\(\\>`N(\,%j\\\8LX^%<\=~\Q1ܖ̂IvN.v\A˸_\\c\]ĝ\Q8EC\>\3\}b\Ŵ\nK}앱\\0alS4Wl\o!0\r\\q\"rHwl\H#h Gn#pK>/	\\)\ZZ\+	\2,`)i\\\&,5\\\\n\luê\Hv\{q\\7DCYɂV??	\\!\bҒ9\\0k,XJ\\0?Ä\1\Zj\"\9iW\0!S.ZT\dx	\S6\}\2\I\,Xj\\tF\ZA*\jk>\e,_j\\#C\\F\n\\n\o-YZ\rV؛\8LX|Aj<ѽ5^\'sВ_K-Xj\r|&,Ì /\ZC\,>\d\\~K{GΞÄ\\\r\`-\n\0#¡U\0قVC\r؆Aj>h-\|\kKV.N[T\rÄ\4hHӮD%:]\W\,Od\\\\\pʶFD7\~\(Rh\Z㈎l\Hbu1\ܾ9`\.9\8LX<d>\W\{8	8fš\F3o\#X\p*9P6\}QTa9L%\\Ot20\rBtD0q,u@ΟÄ\sn\`\\\^ǉ2Z2\<<\ej}ZOȂ%9\rÄ\*\\\jѽڔ-s%:\gpFI\V\QEH=<-KOԂ%\tXFA&|Ăi£\_\\RZ%j0xTXD\S\`#Ȍ#kh7\\x\rMx@t\_M\;4\\\QV\0\\׀eڼs,o\"p8J\3\?=ܼهQH\\\;\\^&\Z{=XJ\\.UD\\"#cCy,%,Ҏ\a\b\\2\T\\P(\nr\(\<X:`\{S4d\)F YT\^oN:ZA\\WdR\\\"\\	\#ȜOdRm>V\\\0a2\WwJ,k+;ϐÄ\\7\}_gK};b_\0a~mS4d\\@`\\a\r\\ZAt<I,U1hB\"s01LdK\M9`&̧ \ i_K%-\\#ȴ\'A`!xeG\0axVDq\a*Y#)\Z\\@#\͇\dRyÄ\\rq\-ɂ\`\wÄ\`\[_4ɂ\\\2p0?\dr<\QGIR;\a\p||\$V\rƕx\'\0a>n3gw,X%v \>y\a\|\\r\;\ Y\\\\q;L\H	|\$7he\\\\0a\mS4\<\]`\~\\0	nG#\}\1H2\0f\#ȽSA`\0்Ä\u\=v.0\(dR\\Ã]9L]AaJ\E\ nt\0av9DXg\0,X*wAO\\\Z\\"%\x<zd?\"\O\0cȔ᮫0,q\O*\'n{`1d\FPؒu	0\(dRxt\\!S0\zp\͒K\l#ȔFPhg\0?6YT\9-}q0[7\p1Ȃ\a\l\\J\A,\\@c\Ä\\9\`s<pQ蜦N\\Zt1T9ECJV\Z\#X\tԼw0}\A)\{\\0\7\nYqΙz8L>oSޒu.p\ r\rv^M\&S%2\L#:L.h\-۲`)!:aXq0]\T.\_*\",px^MhPWۯ\0Dy\b4Qw0[@Uޏ܌K0\\Z\0a:7\GB,\m	hzG\Մ\\neb(X\MA#Y\r~\k~C\0a\yB\\<8\8dR+\rá88L\z\(Z?n4eW\\8<&lqF:\|\\b#Qy<l\\'d	[g\0\\"EW?E4le`Ȃ\rv5\8L\:Cȫ/Z\\ :\QY#\I\ʫ	[g(Ƣupg(ZђKMlo&lݍ@	;O\\reRc!v TE\b\\\N*\rW\\LWn.Z\n\{<og\ZAbe	7\\\2%\#X5\J\\\Ɛ:,Q&\\0m/\p>-YÃIr0Y[*E\]@%B\Z`<`5h\\)\0۹\Z\\ l\n\=-sz#Rŏ:\X\wDuJ\n\	7$y3\'M`S\%WZ\n\IM6\\<~\08\($I\NԥpL=x\\%V\,`,^6.IjpM\\#]\r-.\"p\\,Xeh?\0;$)\5iw\rLMx\`\\\05IR\ūiJ:\nX0hʈDG\ÁP\6\\\0I\ݞm(\4+È\\r02< Wl\\"\_\0~hX*)>\[,X}p(\WT֨\\S\"\3D\J=`k\IﳍB^\N\rMYj\Zp2\($I\apJ\_ʂUYm\$u.\5\nV~|\$I\\)W\6I6p1X\r>\j$\/\Pش\Cr]\z/EV\:N\{\($I%8^eJ\2\$#KTq\\"VJsH\\ɂs?\F/I*D`ܣD\YmYo\Z+-\bXk\Z+mڌBcmavQX\Z[\8?$)ډnsQX\r\\ Iʡ/SU?\0d}c`e\A\,Xp!Uc$e\W\J\\5c$e\\\~J\\%KrucH\ #hY\Z|\($I)\nmcHGZ\[?\<Yt\ʂU8?\0>kɒ$P>C`\\\:\hUtWg\\r%I\Z7W\Z,\6\nIRV\\Fa*;w\0KB%;\~FRzx+QHb26\a`\Sl$5av؟L7\n\"s\02\nIR#s\\$	FaRu+SKBTK,X\C)\|]T];pA\_8yKuNH*I\iQ\FaRc~I4W\\"$;_K\y\08\Zx\($Ԟ	x<O4ɝF!It\'\?K1Z\($T~ˌd\\0\$\?`%.!T\{JR1Kp$\\r%I\Wa;/RO8T(\KFaR\\2$)\O\\\܂8\.Iy3\'l/3\n\O\F!Ip{\n\(,Xʶy㐤L\\\\r\mY\	x$e\Ka|a\^˂y\08\($)\\\|{\r88L\r\\\vY,@;?Q㐤	\	ZT@O\~QHRKL\07\nm5\Dv$%\u`ݕK%q#0hIR|n\\rZLV$5e\SÂ%]\n\gԐ\vtQȂ\M|E`qHRM\\0_\n\O\+\7p͒\\\Oɂ>\>,7I\fy\>K5k.\[\HR;\'\rKM8o\ ^\\0C,\\X\2?I*\K[|8x\8$\t\-a\8dR\&֗\!`V<d`6\0\7I1|\'l\$R18\r\\\!)\n۱\$vY!N,\8$\\Ұ\:,l\$2gp\\뒲j#\\\VKy(|\"<\8$e̝D~&l$r\\$\\\!)e\'\\3\!\\H\l<yTR\?Gw,X*OfC\n/)yK\i\I,\\Z\\\7pRI[/{\\n\ɂ\|*?F\"Ik\d}Yj$`^\%:\H$\i=0%lG\\r\ɂ%nz@\PZ$\R.ۍO\E4`I6򗤮օ\\\ݐ,XR\r\\":\j#Jo5ð]\J,q/	:κ,\\"\?\v\y$\k牎pI*\\'\~KJ\*\GD7h[`H3-\UF\"\\ZÀせ6cr-\\\\\`I)`=\\Pʓ\}_x\k$`I\2Y`H5#O\[KʸEAD\\r\\|ZR\r\\\\\"\nh\ډ\vh}Fj\&oc\\U\;D3ĿjIIZ\g\'\w,W*`6w\hK8\hX<Ft\Wb\PyKe1p$p}`Hu[\?ӏ-W`I||+e93\$`n,CR5m\188x70\xTro\0!\Z\r\H$T\DI_\rl8\rli<*=D\'\,3ɂ%\epUx \ZFPs+\Q\":BuCsH,)i+k\cN[|\xS2upI,)Ek[\c \{N`<ʸiD\\\n<7L,XR\DWV\\D`k#R\V#:Ru;H,)o^.	\DÉ\\0\Z`D\'\\zc,XRQ#*\l\<>{?ɂ%\2\\\=p,6\-aD\tI}i\>\!`H,IEC\:*<5&9\x8*P,Xjmx@4|8\*ſ&:\\ǅxKzI4\\IMH`IjR;0#<\n_\8h8qBxW+\\\P\\SDd\Bo\0\n[\0v)[7\\=6/D(T\\I`I\\|Vx\\\\\Àǆ\\\\\b:|(N\y	̚9i\ZSdsk<Q\\Fwҵ\Do_ky\.e\`\I\ZdTnK\9\\\\PƄ\+S\)b\|\c\d.ɂ%\\\~o8\ͮG؊h!ῇCm\ښh\:\*`\f߳\D6`9\\]wY諒<b\\-Y\\\MA$)F^Q$Id$I`I$Y$IԸ?\0\\0\)>\?\0\0\0\0IENDB`','Rent this BatmanCostume','costume','S01','Women','children','Women'),(10,'Costume Rental',2300,'PNG\r\n\Z\n\0\0\0\rIHDR\0\09\0\0\0~\0\0\0\P\0\0\0	pHYs\0\0\0\0\0\0\0\nOiCCPPhotoshop ICC profile\0\0xڝSgTS\=\BKKoR RB&*!	J!\QEEȠQ,\n\\!\\{kּ\\\>\\H3Q5B\\\\\\.@\n$p\0d!s#\0~<<+\"\0x\\0M0\B\\t8K\0@zB\0@F&S\0\0`\cb\\0P-\0`\'\\\0{\0[!\0 eD\0h;\0\VE\0X0\0fK\9\0\-\00IWfH\0\0\\0\00Q)\0{\0`\##x\0\0FW<+\*\0\0x<$9E[-qWW.(\I+6aa@.\y24\\\0\0\x\\\6_-\\"bb\\ϫp@\0\0\t~\,/\Z;m%\h^uf@\0\\Wp~<<E\\\\\\J\B[a\W}g\_Wl~<\\$2]G\\\Lϒ	b\\G\\"\IbX*\QqD2\"B)\%\d\\,>\5\0j>{-]cK\'Xt\\0\0o\(h\\w\?G%\0fIq\0\0^D$.Tʳ?\\0\0D*A,\`6B$\\BB\ndr`)B(Ͱ*`/\@4Qhp.\U=pa(	A\a!ڈbX#!H$ ɈQ\"K5H1RT UH=r9\\F;\\02G1Q=\C7\ZF\dt1\r\Z=6\Ыhڏ>C\0\3\l0.\\B8,	c˱\"\\ZVcϱwE	6wB aAHXLXN\H $4\	7	Q\\'\"K&\b21XH,#\/{C\7$C2\'IT\\F\nR#\,4H\Z#\\dk9, +ȅ\\\\3\\![\nb@qS\(R\jJ\\4\e2AURݨT5ZBRQ4u9̓IK\\Zhhi\tݕN\W\\\G\\w\rǈg(gwLӋ\T071\\oUX**|\\nJ&*/TުUU\T^S}FU3S\	ԖUP\SSg;goT?~YY\L\OCQ_\\ cx,!k\ru5\&\\|v*=9C3J3WRf?\qtN	\(~\\)\)4L1e\\kXHQG\6EYA\J\'\\\'Gg\\S\Sݧ\nM=:.kDwn^Lo\y\}/TmGX$\\<\5qo</\\QC]\@Caaᄑ\<\FFi\\\\$\m\mƣ&&!&KM\M\RM);L;L\\\͢\֙5=1\2\\כ߷`ZxZ,eI\ZYnZ9YXUZ]F%ֻNN\gðɶ\\ۮm}agbgŮ\}}=\r\Z~sr:V:ޚΜ\?}\\/gX\\\3\\)\iS\Gggs󈋉K\.>.\\Ƚ\Jtq]\z\\\ۯ\6\i\ܟ\4)Y3s\\\C\Q\\?0k߬~OCOg\#/c/Wװwa\>>r\>\<7\2\Y_\7ȷ\O\o_\C#dz\\0%gA[z|!?:\e\\AAA\!h\쐭!\Α\iP~\\\a\a\~\'W?pX\Z\15w\\Cs\DDDޛg1O9-J5*>.j<\74?\.fY\\XXIlK9.*6nl\\\\\{/\]py\\.,:@LN8A*%w%\ny\\g\"/\6ш\C\\*NH*Mz쑼5y$\3,幄\'L\rLݛ:v m2=:1qB!Mg\g\fvˬe\n/\kY-\nB\TZ(\*geWf͉\9+\\̳\ې7\\\ᒶKW-X潬j9<qy\\n\+V<*m\O\W~&zMk^ʂk\U\n\}\\\\]OX/Yߵa>\\(\x\oʿܔĹd\f\f\\\-[\n\r\ڴ\r\V\E\/\(ۻC<e\\\;?TTTT6\\ݵa\n\\{4\\\[>ɾ\UUM\f\eI?\m]Nmq\\\#׹\\\=TR\+\G\\w-\r6\rU\\#pDy\\	\\r:\v{\\vg/jBFS[b[O\>\\\\zG\4<YyJT\i\\ӓgό}~.\`ۢ{\c\\jo\t\\E\;;\\\t\\WW:_m\t\<\Oǻ\\k\z{f\7\\y\՞9=ݽzo\\\~r\'\˻\w\'O_@\A\C݇\?[\\\\jw\\G\Cˆ\r\8>99\?r\C\d\&ˮ/~\\\\јѡ򗓿m|\\\\\\\x31^V\w\w\\O\| (hSЧc3-\\0\0\0 cHRM\0\0z%\0\0\0\0\0\0\\0\0u0\0\0\`\0\0:\0\0o_\F\0\01kIDATx\\w]U\)鄐B*%@B\WiAūE\\"VT \\El( 4EA@i!@BHHoL\\\239k}\\\\\9O g\^{}\յ B!\B@!B!#G!B!d\!B!!B!#B!#B!2rB!BFB!BdH@\\p30&\g\k(ed]\E\KO5\\sxTu`RF\F/`\'g\96\0\n!\LO`G\9iE\\>\\Z\p&DYL<\R\r̬^<\\r(\\\0.@Q9B!B\wE8pQFB!y\x`\cW(N\B0\\0#_\kHB\0c##J\(#G!\P`\\0z$%\B\LC-NyC\(#G!wf/`SL\i`\p	!\0F\0\8~&pQFBd7jޅI\f\rB\``\\^\0\\BXNvwf\0\B!J/\:\r!H5B!\"ٗ\8\k\ 	i!D\KC \":\\3\#\h9B\\!e\'\؈\_n\0\\B!\"\a[h\P\\B!\"lq|\SFB!9b?`ψ\\^\0\\B!\"N8	F\(#G!Bpd\O\0ie\!Bz`ju\J\(#G!B0P\ӁI\ZF9B!B\e}0$\?\\P\\\}B:\rB!Y\7\w|?0HFN9\rOm	\)k4B\"\3{c\j\\n}\2r\\7pn#DC\d@䔾\"\q\rМ\\,\'^\`9\\p|+;3NϝocHC\n\"lq9nvG\-p|nRcu$CL#Z\r\$}-M@`6\*`%\r\ϳUB]h\l섅\7\rc\#-~\\\e`*𔦠h\fX}s,꾡?|5cQ\UB`:\%\r}\\Q\0\\hh\}<\`>\Z\TmE\5\ju\uvE\\Z0x\\\M@OLQ-&P}\<\\r^\h\g_!#\'a:\]\vn\0NM~\\0{m\6\\K%m{\\R-FΪ	\Z	l\ۣ\`\Z\'\Q\\oϟZkwo0G\0ð\\8~%ϥA\\ZXZȻ큡\rhc܄	K܈\\\dVL#\a\z]ú1fM\\7\s\^=ʢ8~\0\0\\'` \3\B\oT]KKKޯqp)0cuktZ\\\0\x\y9ȝ`?CX8xL\\\=\ZoA\\Xt\Z̯\}\\n\\\:p=\ł}oP\a\\ܿ\?YP-kG\K\Jߥe?n\\ڱ#p\\\nbo̟Ǌ_o\\rӑ1X\t?Y\3}ֽl\k\ǿ\n\N#\{k\wnu\Otx\ZӁ#\\r\;\\$Fh@	\\\kb9a|p\#Y\L_Ox\\\`xA\~]\x,\k\\5\f,n\X*Mьg\\y8\gz7\Wrr-\0\n\>,K\'DTZc麧E/S9\\l\'E\\dS*U?\\ڟ\)z*V2 \\\\<ެ<|8\8yVm\nX\[\),\"KN\r|SշLc-p6w\\jrFcj)\\\\\ea\\\y\\\\\\e44?\0\(\\\\\#%\R\k\Z96\\\\\(t\m\Z|K=Pzц#rS0A\\\\\H9\c0;\v\ЉY_|mZ #\'4\*\SZ	J\\\r\J\y\\\n;\\Y\\\\0&b\~e\yS<\5ރIN\\X\X_]\2L\,O4u`\\k\!t\\|q}\{\\#\q=8V_c%2r\ÎX\\		m\7΂\\\0lR7ԣs8Vz2t\_+:s&]\\\|(\Z\\\\\\\K\\\-Vvၳ\\|0O\%5\J(w4_$\[\r\	.%GM|\stG\\Y	<vNB#ŉ\坒\e&\4G\,],\\XA|_\w1JP	\\CԶD>E\?Ay\"ЃR\"w\\\\եQ箨4{\XF?Vf\\\b\\8OI\>X\o|\Znn^X\JVJVc)2\b!,&{BHx-\u4bWg \Y}?\k핃k:4 \6\l8|\p\EJ\\hCt4/\kgbb^\WR\"\鸈\\?bu4S\!tU\FN_$}^2\\[Ρ2r\"6#]}		1$L49ѳ\0\ր\霛\M\\"\`Cc\\ǰ\\"(\nmu\\~-j\ZK\r,Gkׁv\\\\KZ\X\b5\âͩ\{?P\Q%7f|sI7K5K\"\\\Krb\\soƋ\p9\\4ou\0b\#\\%C\=\nv\;cuJ\\D\iEںV\(ڢ&:byd:\)e3f\T([\\\XC,6\xsBk7&#g&i \RNG\\ﱓ5\`kJ\\\rXZy/p~~X\H?M$\\^ז\+lbq45o\otҍ`\\jED*8kF,x\\4\_^Lګ\+ECRz\i\\n\U5%cȄK\(\\jDz>&n\"\w\_y\n~F\\XD9\\n\\\nUSX;|\\j>eu\]_\\\_~eqrn\\Z\R\"s7aQdt\1/\X\nJ\'vL\Erz`\}=nؼ\\C09C7/>\n\\\C0婿R\ː\Z&[c}\\RƟſsC{Q*\X6C{ɨg\`\\fzk-\i(]^g̩Snaj\'>\X賁Ǫ\\\)Qgc!\2X/D\\'V3%\;428)\CXa2Wϭ\\Vf\i\.\	\o\|a?j\Yt \\\i\x\\߽\7\1i+}Gy\Y<\\\xܭo}\?\\\\Zzl\\)O\L-y\:\r\\|&H\֮XoT=c)L2rs.\ZS1Xه{_LXVW፜Qnj&cj\\ef>\\\A\zFllbS\K1\\\M\>uo\\\yo%^SD\+À0\\\C)FN|Rp5M\ne\{\/ct\XnZ!\܎5\<2:\i\p\އd\\,>޾9:{?\\'ؼ\7m׮\\\Q~NqJ,uXnc\\Ҏ\XVIY\\\t,?ez\fX\#F\nXz\.\?7{\\9\\ɻЈ#}\\\\Hw\y\b^\\H\٘ʛZ\^\y{\\r\-X\;\DG\΀\*\{G_Ou\a\ECIӱ\c\vv\\\ \\d0\7Ӻy\B<\[^\^h\\\0jKK\\k>\~\bv\,,r\\\SlZ\f\y\+\*F\`&\,e)<~̳C,\rajnR_$C(3\"p.,&\\?q\sZ\'0pZ\\2PQxI_=}#*}jk?_%H!a_t		\\I][\\Cl.{7r\\{\_\ҡ.-\uX}\\\	Xp\T~5tw\c\e%&Jq[\=tN?zb)1g|5p\^\\\\3\\\|:\%{\\]\\3$\ȩ#ŨF\\sM\ϑx\\'J_,1c9y} \\iX\Ye/D8h\X=Mʍ\"7tb\\$>n)yKݼx\\\x\Zk97+z\"q],f,jn\r$NVX䛣sV\\\ZpMdp\\\fخF\n.N%]^<;\ؼ7<8Z`Ke\k\\\\\ɿt?1\s<\&S\g?\<\K1\Ӣ\	\w\\\,H\1u\\\\\e\k1\In^9{_\\_Ě\Ћ\se>Fx*rSeI\1\}\ɫ\\yz__o\͝O\8\\	\X|-\xh\\\;/V3\:,mcޭe翈sJ݊Ig\π9\gQ$>K\H\\nhL\D#\rKy\#\e<XI^\z\\\wW2ET\[aRsGdo\B\\+|c\c!y\nk/x\7(\S,\]\`aǳxVw\{\",<KI\\\\լ4/`^T\rcb{E)z!\XET\x\7\'Ec87\5\Mf3Z\5\Q\\0(-qA%U\\I߁9cUX-\LL=w\s\[`v7r\z\@^5\\:\oh\\b\\\\"\'&\o\<\\_\\E܇:2tKp\\\9v{\D~Xմ\r&׻m\y\`Qż\\a\\ZzS˚}\s5M!\\MY8\ˏ1r\t,al\\\\\&#L|mQ\?56}0&>\ǦyR8Oce9s#\^N)Lx#LIhx\\n)E\\ӼW<y3h\'L%OO6}搦\r,\)\'\%\\0I\ĥV\"fSEA\Y	ͤt\,#^ԢA\88AIdSW\Ą%<k1r\ҏJy\a\t\}\OVDܳ\9b\,$,e`\\\'\İ-źK\\r#\Z\\\\FN\\C\\\m\\ۻ\?ĥsՑN$`k\4x^]M\<f\9D\kBGNek\+\S\X}njƔ݂\uC^n\\@z1پsz#cz\Rܕp\Δ+>{چ\+g<D\Z%\[܋(Yj\xe\8o|c\ٳq\/˭!^Ryh\h$\=i\%ג]*\rh\\4\%]\n1Iofp\]N\u\Z9})\\0\Z+(\S\f\\#dC\K\9W9L\\nZH\\kq\/\#\\®X\\(1}BX\Zy@\\G%2rk\n\fAX\x\\\c-jyN-.&>\\Zq&F\Xa/|-y_\\\%<P\fb?\R	zw\'N\0Ŭ\rΆ\y.#]\\\G\)5\I<Q\\gfzc\r\\Ԡ\!Bg>R9\|u\\0Ģb\0\\JeՇ;\,\\K\ۭ+͛\xbM0Zw\'^j7`׌j8ax,FGnfcM\\̝\l\߹E3C\SG|%e|!>{\hIB,n>HuK̦b@\O^[a\\~t}9{a\d\\EYAWFNoL\䛤Ujj+\\\\\șh\\R\^\\\\K|\\r0	\\9=rJM\k\0^[\Qpp}3\je])z}l\\c5*_\h\E\\ocC)E\jQ\"F\5lq3\\Z\w0K\	Cn8\\vă!F\`\B\tҦ۬\4\\\"}\^\\#. _\\\\h߅)uRb\Pz\EOJW\\P\WR\x\a^Y\\r3ÉO\\E\z\_`\\ɚB䆣	oD݌Վ-\0v\*L\nz:5\\n\\|\_\ѢݙU{\\/\(\\#\H\Oﻺӝ\NF\<JOȓ\X\rZb~\Kz\Z\n\0\4ag V\4$\"\-\io|<8s*wi\\Fz\\ں\7+6>&x[\ZB\#ǠT#\'\{*u5}\ ^	kZmǊ8k\E\\GUwx՚{\\֔\AaOep\ˁK\\0ٷ;HNJ`\\WM\n5r\ZYVW\k=\\B+)=]iTmS\DmIJ6_|ـ:g\ jUX*e(=Ok}HX\\S͸XD\XO\0~Az3rx\|[#\7DfQ\~\nY:\\9;ׄ#\u\\GX\\\Ǿ\)V=M*}K\pS\->aXF`\Ј\\'MT\Y\\E6e+{cec\9_\0N~@zaݝ\he\ہīu\\\0$G\\\rB-n\\k--eECJ\S\k#\f*\2r8uX\\Wa\Q:bk\_n\\fb5p6֜sq\_0	\\+23#t\A\\"UC\\\\`d\\&JwR[ќB+K+\[j\5lL4n͚~BTm\"/\0\\\\\}\0\\/;\0S@{9E~|\\܇ݷ\Xl\\öoF\;\uİ\0#ZK\%my\rj5XԄ)d\<\)jQy\'\\k)g\\\|cU϶\	+/{\!Q	\\ч\y\m\tA\Z!]@x$k]\r>\o\\m >x6g=++t]GB\Ԟyb0\\0?\0v0\/fp\\{B)F\~.\\Ma~S|\\'\\=رA鑜9Er1Oj-QOz\"<b=ի\#\\\ZU]G\Z\\9BT\m\\D\\\MYXN3?\şEt.>D\/ݴY	1RXSq2\0iF鑜9߿\"<E(No_\?\";b\\X\C5x2͉\Q]p|\k+5\\_Y8X\ͻ\np\N\\Z\\`n8e.\;\\\By\e&]7HOђ672\\%,=E\״n\\GrHN\\n\a\^1[\\n\\4\\i	\	)\6\Z\\\}i\%\Z+Wb\_0F碂ܼ7r,\\\/XR\\\;SC\ｆ4VS=\\Sq\i3g!qќ~\G\\\\4b\\}Dpq\f`\\\]\'\\#Jt\\	|K_T\0#\'\\k\6s峎h&bߥz{\\Xz*&N{LM\"\\瘫a̜yĉb }Z1rz}❌Ƣ\0)y\|V\AigO`?eEn\9NA6^\X3ָ3p\{yU6\%B-=\\"	\P\ZO9K\\\Δ\"f\7`B!Dy9\r\jO1EZRCY\[;zpLm\\X/k3=\rz3ׅv#gc\%\Z\Zq2\<ز͆T/k\>\\\"{\">3l\\\BW㖪iec8\\2\\Z\9\:y\\0\`;ҫc\u%\\zڳ\\\\\ԫ\IhT50ef,/ހ\\ح\\3\~5S\"Ǽp\G=E\%LKd\<\k+\\ظ\%@\4MC!\\	\vL\K}O \\\\~\Zغ+\$)TҖc`xc\2\{\\Ҧ&4*\kZ\nVW7`ѣ)=3i\\0\j\KkK.]\\#\\,\xJw\%\;kZ߽ǒM~6\"N\ZZ6ߜ|\JЦ`-\3al\/\\s\IG/&7\rCg+ˀ~\XgH0e)}c\dE81\\~\r(\߳/큘XD|V6>C\\NP\n<aD\>@ږ2kݘ\\rIVt?4byy\\&ըJ,\Դ?3V\\\0nE\R\"\l	h\9b\nZgrC;86<\\@\n+\r\wVhIܜBB]!\[R\(	ܚ^|9U\\Dq25rr\O\\i\d`=\\\cCoiaQ\D\\\9J\s%,(V>u`YW\\< <	\QD9\c>+\%\o\\\b-D	\_\\"9N\\&\=\\#\'\\[33r\nZ?5|37\R\>KeSDfoKώR$w	X\\)&\\	ߡ)^D5\8=x\\Ҕ\\Pj`r\q_SjiXS\T5#Dz\JBY,Eg0֧\BL4%%SH\MUs{#ƾ	|&	\%d\Ѕ\ԞITMX\Z[\n0\,*\QJa_by:Ѽa7\mϻ\q;\ΚV\ ?\\Xs=jON,Blt,80/\gP\reu\\ \7A\2\7\͟U\3\W\\\n.\\"\4\[\L,=1J&!v\\C\\9\/-\hh܍?\"Dxz|\\p\n|T\a(D\I\\u\vs\0\'{w-V\r,05\/P./߰\G28n\V	0\%˱Θ瞆Ш{8\\\	\\|\Z0_o\\\\}/cXΠќ\c{\\ZS2b]\\"\:\9E_Ӳ&\\Y\\\H\\j(&nC	*m\I\ݥfG\#2OeIwt&\\wƂ4\\	\+01J\r\jr¥/&\d\\	γ<`F\5`\K\\neO/\{3\Xe{X\f\LYH,V\]_\ D5q%J\<7\z9rS^{8MK\|9,\yտSIt-]ؚY\FNJ~\s U\\n><:\7\1uH\nL\X\I*\j\R\O\\"Bd)\\v\\a\)\\l+L2ux\|F5\0\o\\F!%\\2^\,xͪ\\\y\\]彀Nl\ڬQ$qN\\(^c\XF\8eUk\@\\L40Y\H3ݞ\d\YS\Zy󆟝ᵤ\Ky/Kx\:F\nD\\\i}\D6\Dm\m\;!ѝ1\s슥GhYy0Ģp)\n+\<Wy_gt]n#k1\vXh{\V\n8\\rT~\\Y`i鞒N_Q맿\`L@Yܚg\ۢ\\\d+!~\b\/a}\cμf_6l\\sz\(7C#7\SI\\H\\\ٞaL\r\\n\\}\|\s>\IvD|Ә\K>,\\$\>ێ\\|\\,rOQ=\7\\l&/\\֍\`_0K\䍳}\\\|ӽΣ<=\K(\\'?\\M\\nS5\\\Z\ܿ\N%>\0{O71f}T\'\]J62\K0\Ԍq\CC\y,\n>ϿOSˣ\\\oP类\nd\PDE-\zJ\&DqR\\\\\ͽWp,Q12s߄EpU\5Vx`48 d[\\\\g}GqAFF\\\,e\vcٕڑ툾\:\\\9nMaoۦ\eL</<\s|\\\wOV\\EZI~\Ke1V\]+ՒfQ\|VY\\Pi&c%pvX\\WYD]^\h\\VѽTVfwlײ\d\\(ÈkK3&\\|\\\9X\onӄEƓK\ĩ~ހV;\\0_>b\UK楑\\X3K28 ,8&kN6ic)Edeh́\fQ+|Sv\WcѭZfR\*Wmd_\51B k̒\50N\\\yK._2O\\W_\\d\hp\Ȉ\\\D\\gpO\?l\\\\\\r\9\ZX3l\"\\\#XaB\r Xx}d\\1L\\˗\\\	=\ir/\\z>\rn]\eW>8Z\kd\'益+5SE;K\P2wajkoh((;g\';j\,\\D\|/Y\ְ\\\|+ʒW2x^k\F2\iQM\USk}\_Ku۸\n+u4\\0tc!D0q\(\s\(Q&7\eLU3ZYL\D\kLr]Y\\\UZ\\\t͏a+t)&/$\&i((\\ුϡ\'\\Y\rr\\\O\j5_\q_u˲L\9?H[Ŀ\<8\ZGg\h\~+UE֯\P\\ay\;o\Ä+Ϥ3Hfw\rL\0<=ɪ\\+2&m\ŋo\8=\E\\WصMY[Be0I\\0Q)3My^@:\\a<e#\0w\~\xk*;8\c&.vi\\\\\'b\C\\\7\\\\>ehL\/\\җ>D\i\\\X\\+!F:\Y\xt:\Kl4e\Z&VF\F^\c$9팛WwS\^O\\ZEu\"y򎛌9\~Mj2\ߝwep\G\\\n\06<v\u\ZF\>\RB\\s\7\Z\\0;5LTF\|\Z\\\wao8Lp=fJ1\\0\|#ob*i\*\$<\I/33S\\\u\8s6,yϗjc9wb)g[y\\\Sif\c\bKܬ\،>\\⿀\h\\\S:/\\:N/|ß\\d\\\y\z>m+\\\>\)\'\zߝ\\{|\"ބX?}m5p*\\\ \(\\gi|\芹ubΛ\\F\\!nn[\\\MC\\rS\g\\y\?\1U\ϕn.\K\\r6\\x7żZ\rk3&f\V\0OgGLg=\}5h\\n\\N)\\!\}y\\\\s\x\Z?\\\\l,ZX\o,潡_\:	;\\\\cW8f5>>aN}2F`Q!\:\,\0E\\_iZt~\n}ߟL\6nc\\`}j\\0\Ҙ\&\r@o6wv\go\Z@mY\l&D,M\\\/۶f\Uo\mh9\Zl\r\0f6\\\r/5ny\g\\n\\3GϽ\\\\\| Ч\V\\pϯXj\+\k]9wzg<ozu`\-w#z\\"s\9>kgzF݁1\j\O}u\\r7\5\\\EwD\snm\\-!bՐlxØ\,\res\\\\\"E6rhq(E?iL\ڍOwƤE\X\\\c\٘\w\l\d|jy>\u-\Y\Z\XvH\E&T-\r\zix\Go\"\\t\`\h7&k>	JOL\+t2pK\\\uB!DՠrV_*9B!H{\\\\07ke\!B\Z(w\\YFB!9\dLy0\\ZB9B!B䅑a\O\\ZX9B!B\c\Bh2rB!8E?QFB!y\p`\a#B!D^G}_D\(#G!BppJ\\ikF\rB!\1B!\'5G]KKFA!BQUB!B\\B!B9B!B!#G!B!d\!B!d\!B!D\0It\	\\\0\0\0\0IENDB`','Rent this Hulk Costume','costume','S01','Women','children','Women'),(11,'Dress Rental',2390,'PNG\r\n\Z\n\0\0\0\rIHDR\0\0\0\\0\0\0\\0\0\0X\0\0\0sBIT|d\0\0\0	pHYs\0\0\0\0\0\0\0IDATx\\_U\o6	\DڠF(L$0\ƚh\\'E\11!Fh $UŖ*6(\\\Z\\PAEA\n>Z\=;\\s\\|?\y۹s\o\\ܹg@$I$I$I$I$I$I$I$I$I$V\\\Z`}iXѪ+\Up}\ZKoX\\+ʂHD R\",aA\"EX)HD R\"J^͛\`g\\L\\G\:z`C\[;B\-i`\x_\<Em#awv\\\l\:t\\\pI\z\],)HD R\",aA\"EX)HD R\"J\\>Mɫg4\;D\>\qU\\/9q~haSt/W\Z\,\],)HD R\",aA\"EX)HD RD_.V\veu\Z\!Z2MɊ	sj\,aA\"EX)HD R\",aA\"EX)HD R\",aA\"EXv\0͂\\"\Fہ*g\<҆\\\0N!\um\D,H.N(\=\U\,H]\StgMXz.c\rq*xcD:\`$\N±\n \}坩\"\(bt|ہ\&0p&W(\Y2\ p_\6/\XZ?\\gJr}\\\qX\y.aw\V&K`\L\\'L\ۀ\0WX\\~\Z<\΂\u\{\ <<p\<\\]	\Մcہ3+\\\\§\\x\s\l\~\Kyu\[/h\<p\{\-\-x\nx`~l\UM\C-%\\W\>\\Z\\YOi`\r\p\y7\GF}x|\[5l\\\;DA+_Yj#\rw\JEY)HD R\"\^õl\\05 3\4v #\\'\\,Ȉ\_\P\\\z\\j Z\õ\4v #\\Zwc\5 qa\g\^\	\v\\^\а\fA`o\\0\r\W;@m$\e\A\\0Y \ohX, \0O\Ѡkh	\A;kh	];@cf\\т̬x\n;\<FfTaj\\t1Su,~1\r\Mxl[\n\\\ؚ\/|\2]+[~#\֭נ9C+\\	\~˂\7\\n҂\|\lpÙ%aٵ\\\r\\\nxC\\s\\'$,9$C+\e\\n\C_&\f9)۾IC,\&\]_t =\\\0\\nҊ!\D\\O~LYd\'i\'\\zi:a\CM\\G#6M\/^u\yk\	\\n\	J\\ޕ\,pc =\\\\◖hӔ7c=3\;\j\\%3	)5^}\qpj,M\ZrA\0\O\W\>)K>I.7\Ҫk\w\tt\nڏ\\i\OsIj\Uy\,\^\\Ԉi\\\\\\!\597	꿱se\6\'\0P͝:\c`\?PM\u	xA\"Q;\qx\t͔\"Ǹn\"[BZ{_\\\U|o\Ɛ\T\H,47\\1\gj\Մ3E1GxW\\ e\\RJp\x\X\I\\&+U	?{z\Z¥*\a\S\\^z1]\ׄcV\Nz1f	\^j\:\Vg\P<T\+3.	3J\\\\x\O!E\"a\\NMRϙ$I$I$I$I$I$I$I$I$I$IR\0D\٨\0\0\0\0IENDB`','Rent this lovely red dress','attire','S01','Women','teen','Wedding');
/*!40000 ALTER TABLE `service` ENABLE KEYS */;
UNLOCK TABLES;

--
-- Table structure for table `sp`
--

DROP TABLE IF EXISTS `sp`;
/*!40101 SET @saved_cs_client     = @@character_set_client */;
/*!40101 SET character_set_client = utf8 */;
CREATE TABLE `sp` (
  `spID` varchar(45) NOT NULL,
  `contractBill` decimal(20,0) DEFAULT '0',
  `status` enum('pending','accepted','blocked') NOT NULL,
  PRIMARY KEY (`spID`),
  UNIQUE KEY `spID_UNIQUE` (`spID`),
  CONSTRAINT `kjjgkhk` FOREIGN KEY (`spID`) REFERENCES `account` (`username`) ON DELETE NO ACTION ON UPDATE CASCADE
) ENGINE=InnoDB DEFAULT CHARSET=latin1;
/*!40101 SET character_set_client = @saved_cs_client */;

--
-- Dumping data for table `sp`
--

LOCK TABLES `sp` WRITE;
/*!40000 ALTER TABLE `sp` DISABLE KEYS */;
INSERT INTO `sp` VALUES ('0976',0,'pending'),('09767',0,'pending'),('1234',0,'pending'),('locoso',0,'pending'),('Lorie',0,'accepted'),('loveshgjhg',0,'pending'),('S01',0,'accepted'),('S02',0,'accepted'),('s1',0,'blocked'),('s2',0,'blocked'),('s2a',0,'pending'),('s3',0,'accepted'),('serviceProvider',0,'accepted');
/*!40000 ALTER TABLE `sp` ENABLE KEYS */;
UNLOCK TABLES;
/*!40103 SET TIME_ZONE=@OLD_TIME_ZONE */;

/*!40101 SET SQL_MODE=@OLD_SQL_MODE */;
/*!40014 SET FOREIGN_KEY_CHECKS=@OLD_FOREIGN_KEY_CHECKS */;
/*!40014 SET UNIQUE_CHECKS=@OLD_UNIQUE_CHECKS */;
/*!40101 SET CHARACTER_SET_CLIENT=@OLD_CHARACTER_SET_CLIENT */;
/*!40101 SET CHARACTER_SET_RESULTS=@OLD_CHARACTER_SET_RESULTS */;
/*!40101 SET COLLATION_CONNECTION=@OLD_COLLATION_CONNECTION */;
/*!40111 SET SQL_NOTES=@OLD_SQL_NOTES */;

-- Dump completed on 2018-05-15 11:38:02
